Workbook

Sheet Elo values
A1: Team | B1: Today | C1: end of 2024 | D1: end of 2023 | E1: end of 2022 | F1: end of 2021 | G1: end of 2020 | H1: end of 2019 | I1: end of 2018 | J1: end of 2017 | K1: end of 2016 | L1: end of 2015 | M1: end of 2014 | N1: end of 2013 | O1: end of 2012 | P1: end of 2011 | Q1: end of 2010 | R1: end of 2009
A2: Tipperary | B2: =LOOKUP($A2,'2026'!$AA$1:$CA$1,'2026'!$AA$2:$CB$2) -> 2290 | C2: =LOOKUP($A2,'2025'!$AA$1:$CA$1,'2025'!$AA$2:$CB$2) -> 1960 | D2: =LOOKUP($A2,'2024'!$AA$1:$CA$1,'2024'!$AA$2:$CB$2) -> 2031 | E2: =LOOKUP($A2,'2023'!$AA$1:$CA$1,'2023'!$AA$2:$CB$2) -> 1951 | F2: =LOOKUP($A2,'2022'!$AA$1:$CA$1,'2022'!$AA$2:$CB$2) -> 2116 | G2: =LOOKUP($A2,'2021'!$AA$1:$CA$1,'2021'!$AA$2:$CB$2) -> 2093 | H2: =LOOKUP($A2,'2020'!$AA$1:$CA$1,'2020'!$AA$2:$CB$2) -> 2222 | I2: =LOOKUP($A2,'2019'!$AA$1:$CA$1,'2019'!$AA$2:$CB$2) -> 2008 | J2: =LOOKUP($A2,'2018'!$AA$1:$CA$1,'2018'!$AA$2:$CB$2) -> 2139 | K2: =LOOKUP($A2,'2017'!$AA$1:$CA$1,'2017'!$AA$2:$CB$2) -> 2241 | L2: =LOOKUP($A2,'2016'!$AA$1:$CA$1,'2016'!$AA$2:$CA$2) -> 2101 | M2: =LOOKUP($A2,'2015'!$AA$1:$CA$1,'2015'!$AA$2:$CA$2) -> 2070 | N2: =LOOKUP($A2,'2014'!$AA$1:$BY$1,'2014'!$AA$2:$BY$2) -> 2005 | O2: =LOOKUP($A2,'2013'!$AA$1:$BX$1,'2013'!$AA$2:$BX$2) -> 2048 | P2: =LOOKUP($A2,'2012'!$AA$1:$BX$1,'2012'!$AA$2:$BX$2) -> 2110 | Q2: =LOOKUP($A2,'2011'!$AA$1:$BX$1,'2011'!$AA$2:$BX$2) -> 2107 | R2: =LOOKUP($A2,'2010'!$AA$1:$BX$1,'2010'!$AA$2:$BX$2) -> 1944
A3: Cork | B3: =LOOKUP($A3,'2026'!$AA$1:$CA$1,'2026'!$AA$2:$CB$2) -> 2242 | C3: =LOOKUP($A3,'2025'!$AA$1:$CA$1,'2025'!$AA$2:$CB$2) -> 2232 | D3: =LOOKUP($A3,'2024'!$AA$1:$CA$1,'2024'!$AA$2:$CB$2) -> 2104 | E3: =LOOKUP($A3,'2023'!$AA$1:$CA$1,'2023'!$AA$2:$CB$2) -> 2088 | F3: =LOOKUP($A3,'2022'!$AA$1:$CA$1,'2022'!$AA$2:$CB$2) -> 1985 | G3: =LOOKUP($A3,'2021'!$AA$1:$CA$1,'2021'!$AA$2:$CB$2) -> 1920 | H3: =LOOKUP($A3,'2020'!$AA$1:$CA$1,'2020'!$AA$2:$CB$2) -> 1969 | I3: =LOOKUP($A3,'2019'!$AA$1:$CA$1,'2019'!$AA$2:$CB$2) -> 1991 | J3: =LOOKUP($A3,'2018'!$AA$1:$CA$1,'2018'!$AA$2:$CB$2) -> 1969 | K3: =LOOKUP($A3,'2017'!$AA$1:$CA$1,'2017'!$AA$2:$CB$2) -> 1848 | L3: =LOOKUP($A3,'2016'!$AA$1:$CA$1,'2016'!$AA$2:$CA$2) -> 1939 | M3: =LOOKUP($A3,'2015'!$AA$1:$CA$1,'2015'!$AA$2:$CA$2) -> 1975 | N3: =LOOKUP($A3,'2014'!$AA$1:$BY$1,'2014'!$AA$2:$BY$2) -> 1954 | O3: =LOOKUP($A3,'2013'!$AA$1:$BX$1,'2013'!$AA$2:$BX$2) -> 1901 | P3: =LOOKUP($A3,'2012'!$AA$1:$BX$1,'2012'!$AA$2:$BX$2) -> 1796 | Q3: =LOOKUP($A3,'2011'!$AA$1:$BX$1,'2011'!$AA$2:$BX$2) -> 1844 | R3: =LOOKUP($A3,'2010'!$AA$1:$BX$1,'2010'!$AA$2:$BX$2) -> 1720
A4: Limerick | B4: =LOOKUP($A4,'2026'!$AA$1:$CA$1,'2026'!$AA$2:$CB$2) -> 2179 | C4: =LOOKUP($A4,'2025'!$AA$1:$CA$1,'2025'!$AA$2:$CB$2) -> 2337 | D4: =LOOKUP($A4,'2024'!$AA$1:$CA$1,'2024'!$AA$2:$CB$2) -> 2412 | E4: =LOOKUP($A4,'2023'!$AA$1:$CA$1,'2023'!$AA$2:$CB$2) -> 2356 | F4: =LOOKUP($A4,'2022'!$AA$1:$CA$1,'2022'!$AA$2:$CB$2) -> 2371 | G4: =LOOKUP($A4,'2021'!$AA$1:$CA$1,'2021'!$AA$2:$CB$2) -> 2353 | H4: =LOOKUP($A4,'2020'!$AA$1:$CA$1,'2020'!$AA$2:$CB$2) -> 2152 | I4: =LOOKUP($A4,'2019'!$AA$1:$CA$1,'2019'!$AA$2:$CB$2) -> 2161 | J4: =LOOKUP($A4,'2018'!$AA$1:$CA$1,'2018'!$AA$2:$CB$2) -> 1799 | K4: =LOOKUP($A4,'2017'!$AA$1:$CA$1,'2017'!$AA$2:$CB$2) -> 1854 | L4: =LOOKUP($A4,'2016'!$AA$1:$CA$1,'2016'!$AA$2:$CA$2) -> 1828 | M4: =LOOKUP($A4,'2015'!$AA$1:$CA$1,'2015'!$AA$2:$CA$2) -> 1897 | N4: =LOOKUP($A4,'2014'!$AA$1:$BY$1,'2014'!$AA$2:$BY$2) -> 1827 | O4: =LOOKUP($A4,'2013'!$AA$1:$BX$1,'2013'!$AA$2:$BX$2) -> 1766 | P4: =LOOKUP($A4,'2012'!$AA$1:$BX$1,'2012'!$AA$2:$BX$2) -> 1749 | Q4: =LOOKUP($A4,'2011'!$AA$1:$BX$1,'2011'!$AA$2:$BX$2) -> 1569 | R4: =LOOKUP($A4,'2010'!$AA$1:$BX$1,'2010'!$AA$2:$BX$2) -> 1778
A5: Clare | B5: =LOOKUP($A5,'2026'!$AA$1:$CA$1,'2026'!$AA$2:$CB$2) -> 2157 | C5: =LOOKUP($A5,'2025'!$AA$1:$CA$1,'2025'!$AA$2:$CB$2) -> 2294 | D5: =LOOKUP($A5,'2024'!$AA$1:$CA$1,'2024'!$AA$2:$CB$2) -> 2094 | E5: =LOOKUP($A5,'2023'!$AA$1:$CA$1,'2023'!$AA$2:$CB$2) -> 2015 | F5: =LOOKUP($A5,'2022'!$AA$1:$CA$1,'2022'!$AA$2:$CB$2) -> 1984 | G5: =LOOKUP($A5,'2021'!$AA$1:$CA$1,'2021'!$AA$2:$CB$2) -> 1988 | H5: =LOOKUP($A5,'2020'!$AA$1:$CA$1,'2020'!$AA$2:$CB$2) -> 1985 | I5: =LOOKUP($A5,'2019'!$AA$1:$CA$1,'2019'!$AA$2:$CB$2) -> 2048 | J5: =LOOKUP($A5,'2018'!$AA$1:$CA$1,'2018'!$AA$2:$CB$2) -> 1918 | K5: =LOOKUP($A5,'2017'!$AA$1:$CA$1,'2017'!$AA$2:$CB$2) -> 1934 | L5: =LOOKUP($A5,'2016'!$AA$1:$CA$1,'2016'!$AA$2:$CA$2) -> 1823 | M5: =LOOKUP($A5,'2015'!$AA$1:$CA$1,'2015'!$AA$2:$CA$2) -> 1912 | N5: =LOOKUP($A5,'2014'!$AA$1:$BY$1,'2014'!$AA$2:$BY$2) -> 2021 | O5: =LOOKUP($A5,'2013'!$AA$1:$BX$1,'2013'!$AA$2:$BX$2) -> 1711 | P5: =LOOKUP($A5,'2012'!$AA$1:$BX$1,'2012'!$AA$2:$BX$2) -> 1576 | Q5: =LOOKUP($A5,'2011'!$AA$1:$BX$1,'2011'!$AA$2:$BX$2) -> 1627 | R5: =LOOKUP($A5,'2010'!$AA$1:$BX$1,'2010'!$AA$2:$BX$2) -> 1622
A6: Kilkenny | B6: =LOOKUP($A6,'2026'!$AA$1:$CA$1,'2026'!$AA$2:$CB$2) -> 2125 | C6: =LOOKUP($A6,'2025'!$AA$1:$CA$1,'2025'!$AA$2:$CB$2) -> 2115 | D6: =LOOKUP($A6,'2024'!$AA$1:$CA$1,'2024'!$AA$2:$CB$2) -> 2146 | E6: =LOOKUP($A6,'2023'!$AA$1:$CA$1,'2023'!$AA$2:$CB$2) -> 2137 | F6: =LOOKUP($A6,'2022'!$AA$1:$CA$1,'2022'!$AA$2:$CB$2) -> 2048 | G6: =LOOKUP($A6,'2021'!$AA$1:$CA$1,'2021'!$AA$2:$CB$2) -> 2027 | H6: =LOOKUP($A6,'2020'!$AA$1:$CA$1,'2020'!$AA$2:$CB$2) -> 2020 | I6: =LOOKUP($A6,'2019'!$AA$1:$CA$1,'2019'!$AA$2:$CB$2) -> 2049 | J6: =LOOKUP($A6,'2018'!$AA$1:$CA$1,'2018'!$AA$2:$CB$2) -> 2023 | K6: =LOOKUP($A6,'2017'!$AA$1:$CA$1,'2017'!$AA$2:$CB$2) -> 2181 | L6: =LOOKUP($A6,'2016'!$AA$1:$CA$1,'2016'!$AA$2:$CA$2) -> 2265 | M6: =LOOKUP($A6,'2015'!$AA$1:$CA$1,'2015'!$AA$2:$CA$2) -> 2263 | N6: =LOOKUP($A6,'2014'!$AA$1:$BY$1,'2014'!$AA$2:$BY$2) -> 2129 | O6: =LOOKUP($A6,'2013'!$AA$1:$BX$1,'2013'!$AA$2:$BX$2) -> 2280 | P6: =LOOKUP($A6,'2012'!$AA$1:$BX$1,'2012'!$AA$2:$BX$2) -> 2207 | Q6: =LOOKUP($A6,'2011'!$AA$1:$BX$1,'2011'!$AA$2:$BX$2) -> 2085 | R6: =LOOKUP($A6,'2010'!$AA$1:$BX$1,'2010'!$AA$2:$BX$2) -> 2096
A7: Galway | B7: =LOOKUP($A7,'2026'!$AA$1:$CA$1,'2026'!$AA$2:$CB$2) -> 2017 | C7: =LOOKUP($A7,'2025'!$AA$1:$CA$1,'2025'!$AA$2:$CB$2) -> 2025 | D7: =LOOKUP($A7,'2024'!$AA$1:$CA$1,'2024'!$AA$2:$CB$2) -> 2118 | E7: =LOOKUP($A7,'2023'!$AA$1:$CA$1,'2023'!$AA$2:$CB$2) -> 2098 | F7: =LOOKUP($A7,'2022'!$AA$1:$CA$1,'2022'!$AA$2:$CB$2) -> 2076 | G7: =LOOKUP($A7,'2021'!$AA$1:$CA$1,'2021'!$AA$2:$CB$2) -> 2131 | H7: =LOOKUP($A7,'2020'!$AA$1:$CA$1,'2020'!$AA$2:$CB$2) -> 2131 | I7: =LOOKUP($A7,'2019'!$AA$1:$CA$1,'2019'!$AA$2:$CB$2) -> 2230 | J7: =LOOKUP($A7,'2018'!$AA$1:$CA$1,'2018'!$AA$2:$CB$2) -> 2255 | K7: =LOOKUP($A7,'2017'!$AA$1:$CA$1,'2017'!$AA$2:$CB$2) -> 2005 | L7: =LOOKUP($A7,'2016'!$AA$1:$CA$1,'2016'!$AA$2:$CA$2) -> 2030 | M7: =LOOKUP($A7,'2015'!$AA$1:$CA$1,'2015'!$AA$2:$CA$2) -> 1920 | N7: =LOOKUP($A7,'2014'!$AA$1:$BY$1,'2014'!$AA$2:$BY$2) -> 1903 | O7: =LOOKUP($A7,'2013'!$AA$1:$BX$1,'2013'!$AA$2:$BX$2) -> 2035 | P7: =LOOKUP($A7,'2012'!$AA$1:$BX$1,'2012'!$AA$2:$BX$2) -> 1873 | Q7: =LOOKUP($A7,'2011'!$AA$1:$BX$1,'2011'!$AA$2:$BX$2) -> 1925 | R7: =LOOKUP($A7,'2010'!$AA$1:$BX$1,'2010'!$AA$2:$BX$2) -> 1872
A8: Wexford | B8: =LOOKUP($A8,'2026'!$AA$1:$CA$1,'2026'!$AA$2:$CB$2) -> 1989 | C8: =LOOKUP($A8,'2025'!$AA$1:$CA$1,'2025'!$AA$2:$CB$2) -> 1949 | D8: =LOOKUP($A8,'2024'!$AA$1:$CA$1,'2024'!$AA$2:$CB$2) -> 1855 | E8: =LOOKUP($A8,'2023'!$AA$1:$CA$1,'2023'!$AA$2:$CB$2) -> 1972 | F8: =LOOKUP($A8,'2022'!$AA$1:$CA$1,'2022'!$AA$2:$CB$2) -> 1904 | G8: =LOOKUP($A8,'2021'!$AA$1:$CA$1,'2021'!$AA$2:$CB$2) -> 1925 | H8: =LOOKUP($A8,'2020'!$AA$1:$CA$1,'2020'!$AA$2:$CB$2) -> 1969 | I8: =LOOKUP($A8,'2019'!$AA$1:$CA$1,'2019'!$AA$2:$CB$2) -> 1897 | J8: =LOOKUP($A8,'2018'!$AA$1:$CA$1,'2018'!$AA$2:$CB$2) -> 1858 | K8: =LOOKUP($A8,'2017'!$AA$1:$CA$1,'2017'!$AA$2:$CB$2) -> 1672 | L8: =LOOKUP($A8,'2016'!$AA$1:$CA$1,'2016'!$AA$2:$CA$2) -> 1669 | M8: =LOOKUP($A8,'2015'!$AA$1:$CA$1,'2015'!$AA$2:$CA$2) -> 1662 | N8: =LOOKUP($A8,'2014'!$AA$1:$BY$1,'2014'!$AA$2:$BY$2) -> 1553 | O8: =LOOKUP($A8,'2013'!$AA$1:$BX$1,'2013'!$AA$2:$BX$2) -> 1571 | P8: =LOOKUP($A8,'2012'!$AA$1:$BX$1,'2012'!$AA$2:$BX$2) -> 1592 | Q8: =LOOKUP($A8,'2011'!$AA$1:$BX$1,'2011'!$AA$2:$BX$2) -> 1628 | R8: =LOOKUP($A8,'2010'!$AA$1:$BX$1,'2010'!$AA$2:$BX$2) -> 1564
A9: Waterford | B9: =LOOKUP($A9,'2026'!$AA$1:$CA$1,'2026'!$AA$2:$CB$2) -> 1950 | C9: =LOOKUP($A9,'2025'!$AA$1:$CA$1,'2025'!$AA$2:$CB$2) -> 1920 | D9: =LOOKUP($A9,'2024'!$AA$1:$CA$1,'2024'!$AA$2:$CB$2) -> 1974 | E9: =LOOKUP($A9,'2023'!$AA$1:$CA$1,'2023'!$AA$2:$CB$2) -> 2011 | F9: =LOOKUP($A9,'2022'!$AA$1:$CA$1,'2022'!$AA$2:$CB$2) -> 2018 | G9: =LOOKUP($A9,'2021'!$AA$1:$CA$1,'2021'!$AA$2:$CB$2) -> 2012 | H9: =LOOKUP($A9,'2020'!$AA$1:$CA$1,'2020'!$AA$2:$CB$2) -> 1847 | I9: =LOOKUP($A9,'2019'!$AA$1:$CA$1,'2019'!$AA$2:$CB$2) -> 1908 | J9: =LOOKUP($A9,'2018'!$AA$1:$CA$1,'2018'!$AA$2:$CB$2) -> 2105 | K9: =LOOKUP($A9,'2017'!$AA$1:$CA$1,'2017'!$AA$2:$CB$2) -> 2056 | L9: =LOOKUP($A9,'2016'!$AA$1:$CA$1,'2016'!$AA$2:$CA$2) -> 1978 | M9: =LOOKUP($A9,'2015'!$AA$1:$CA$1,'2015'!$AA$2:$CA$2) -> 1756 | N9: =LOOKUP($A9,'2014'!$AA$1:$BY$1,'2014'!$AA$2:$BY$2) -> 1845 | O9: =LOOKUP($A9,'2013'!$AA$1:$BX$1,'2013'!$AA$2:$BX$2) -> 1858 | P9: =LOOKUP($A9,'2012'!$AA$1:$BX$1,'2012'!$AA$2:$BX$2) -> 1925 | Q9: =LOOKUP($A9,'2011'!$AA$1:$BX$1,'2011'!$AA$2:$BX$2) -> 1873 | R9: =LOOKUP($A9,'2010'!$AA$1:$BX$1,'2010'!$AA$2:$BX$2) -> 1836
A10: Dublin | B10: =LOOKUP($A10,'2026'!$AA$1:$CA$1,'2026'!$AA$2:$CB$2) -> 1942 | C10: =LOOKUP($A10,'2025'!$AA$1:$CA$1,'2025'!$AA$2:$CB$2) -> 1867 | D10: =LOOKUP($A10,'2024'!$AA$1:$CA$1,'2024'!$AA$2:$CB$2) -> 1844 | E10: =LOOKUP($A10,'2023'!$AA$1:$CA$1,'2023'!$AA$2:$CB$2) -> 1823 | F10: =LOOKUP($A10,'2022'!$AA$1:$CA$1,'2022'!$AA$2:$CB$2) -> 1752 | G10: =LOOKUP($A10,'2021'!$AA$1:$CA$1,'2021'!$AA$2:$CB$2) -> 1768 | H10: =LOOKUP($A10,'2020'!$AA$1:$CA$1,'2020'!$AA$2:$CB$2) -> 1832 | I10: =LOOKUP($A10,'2019'!$AA$1:$CA$1,'2019'!$AA$2:$CB$2) -> 1736 | J10: =LOOKUP($A10,'2018'!$AA$1:$CA$1,'2018'!$AA$2:$CB$2) -> 1813 | K10: =LOOKUP($A10,'2017'!$AA$1:$CA$1,'2017'!$AA$2:$CB$2) -> 1887 | L10: =LOOKUP($A10,'2016'!$AA$1:$CA$1,'2016'!$AA$2:$CA$2) -> 1872 | M10: =LOOKUP($A10,'2015'!$AA$1:$CA$1,'2015'!$AA$2:$CA$2) -> 1868 | N10: =LOOKUP($A10,'2014'!$AA$1:$BY$1,'2014'!$AA$2:$BY$2) -> 1901 | O10: =LOOKUP($A10,'2013'!$AA$1:$BX$1,'2013'!$AA$2:$BX$2) -> 1771 | P10: =LOOKUP($A10,'2012'!$AA$1:$BX$1,'2012'!$AA$2:$BX$2) -> 1887 | Q10: =LOOKUP($A10,'2011'!$AA$1:$BX$1,'2011'!$AA$2:$BX$2) -> 1686 | R10: =LOOKUP($A10,'2010'!$AA$1:$BX$1,'2010'!$AA$2:$BX$2) -> 1759
A11: Offaly | B11: =LOOKUP($A11,'2026'!$AA$1:$CA$1,'2026'!$AA$2:$CB$2) -> 1629 | C11: =LOOKUP($A11,'2025'!$AA$1:$CA$1,'2025'!$AA$2:$CB$2) -> 1592 | D11: =LOOKUP($A11,'2024'!$AA$1:$CA$1,'2024'!$AA$2:$CB$2) -> 1510 | E11: =LOOKUP($A11,'2023'!$AA$1:$CA$1,'2023'!$AA$2:$CB$2) -> 1481 | F11: =LOOKUP($A11,'2022'!$AA$1:$CA$1,'2022'!$AA$2:$CB$2) -> 1542 | G11: =LOOKUP($A11,'2021'!$AA$1:$CA$1,'2021'!$AA$2:$CB$2) -> 1385 | H11: =LOOKUP($A11,'2020'!$AA$1:$CA$1,'2020'!$AA$2:$CB$2) -> 1308 | I11: =LOOKUP($A11,'2019'!$AA$1:$CA$1,'2019'!$AA$2:$CB$2) -> 1442 | J11: =LOOKUP($A11,'2018'!$AA$1:$CA$1,'2018'!$AA$2:$CB$2) -> 1478 | K11: =LOOKUP($A11,'2017'!$AA$1:$CA$1,'2017'!$AA$2:$CB$2) -> 1546 | L11: =LOOKUP($A11,'2016'!$AA$1:$CA$1,'2016'!$AA$2:$CA$2) -> 1539 | M11: =LOOKUP($A11,'2015'!$AA$1:$CA$1,'2015'!$AA$2:$CA$2) -> 1564 | N11: =LOOKUP($A11,'2014'!$AA$1:$BY$1,'2014'!$AA$2:$BY$2) -> 1553 | O11: =LOOKUP($A11,'2013'!$AA$1:$BX$1,'2013'!$AA$2:$BX$2) -> 1558 | P11: =LOOKUP($A11,'2012'!$AA$1:$BX$1,'2012'!$AA$2:$BX$2) -> 1553 | Q11: =LOOKUP($A11,'2011'!$AA$1:$BX$1,'2011'!$AA$2:$BX$2) -> 1651 | R11: =LOOKUP($A11,'2010'!$AA$1:$BX$1,'2010'!$AA$2:$BX$2) -> 1621
A12: Carlow | B12: =LOOKUP($A12,'2026'!$AA$1:$CA$1,'2026'!$AA$2:$CB$2) -> 1513 | C12: =LOOKUP($A12,'2025'!$AA$1:$CA$1,'2025'!$AA$2:$CB$2) -> 1428 | D12: =LOOKUP($A12,'2024'!$AA$1:$CA$1,'2024'!$AA$2:$CB$2) -> 1477 | E12: =LOOKUP($A12,'2023'!$AA$1:$CA$1,'2023'!$AA$2:$CB$2) -> 1419 | F12: =LOOKUP($A12,'2022'!$AA$1:$CA$1,'2022'!$AA$2:$CB$2) -> 1414 | G12: =LOOKUP($A12,'2021'!$AA$1:$CA$1,'2021'!$AA$2:$CB$2) -> 1418 | H12: =LOOKUP($A12,'2020'!$AA$1:$CA$1,'2020'!$AA$2:$CB$2) -> 1459 | I12: =LOOKUP($A12,'2019'!$AA$1:$CA$1,'2019'!$AA$2:$CB$2) -> 1542 | J12: =LOOKUP($A12,'2018'!$AA$1:$CA$1,'2018'!$AA$2:$CB$2) -> 1394 | K12: =LOOKUP($A12,'2017'!$AA$1:$CA$1,'2017'!$AA$2:$CB$2) -> 1287 | L12: =LOOKUP($A12,'2016'!$AA$1:$CA$1,'2016'!$AA$2:$CA$2) -> 1303 | M12: =LOOKUP($A12,'2015'!$AA$1:$CA$1,'2015'!$AA$2:$CA$2) -> 1286 | N12: =LOOKUP($A12,'2014'!$AA$1:$BY$1,'2014'!$AA$2:$BY$2) -> 1275 | O12: =LOOKUP($A12,'2013'!$AA$1:$BX$1,'2013'!$AA$2:$BX$2) -> 1373 | P12: =LOOKUP($A12,'2012'!$AA$1:$BX$1,'2012'!$AA$2:$BX$2) -> 1370 | Q12: =LOOKUP($A12,'2011'!$AA$1:$BX$1,'2011'!$AA$2:$BX$2) -> 1488 | R12: =LOOKUP($A12,'2010'!$AA$1:$BX$1,'2010'!$AA$2:$BX$2) -> 1591
A13: Kildare | B13: =LOOKUP($A13,'2026'!$AA$1:$CA$1,'2026'!$AA$2:$CB$2) -> 1492 | C13: =LOOKUP($A13,'2025'!$AA$1:$CA$1,'2025'!$AA$2:$CB$2) -> 1364 | D13: =LOOKUP($A13,'2024'!$AA$1:$CA$1,'2024'!$AA$2:$CB$2) -> 1219 | E13: =LOOKUP($A13,'2023'!$AA$1:$CA$1,'2023'!$AA$2:$CB$2) -> 1296 | F13: =LOOKUP($A13,'2022'!$AA$1:$CA$1,'2022'!$AA$2:$CB$2) -> 1158 | G13: =LOOKUP($A13,'2021'!$AA$1:$CA$1,'2021'!$AA$2:$CB$2) -> 1167 | H13: =LOOKUP($A13,'2020'!$AA$1:$CA$1,'2020'!$AA$2:$CB$2) -> 1072 | I13: =LOOKUP($A13,'2019'!$AA$1:$CA$1,'2019'!$AA$2:$CB$2) -> 1164 | J13: =LOOKUP($A13,'2018'!$AA$1:$CA$1,'2018'!$AA$2:$CB$2) -> 1153 | K13: =LOOKUP($A13,'2017'!$AA$1:$CA$1,'2017'!$AA$2:$CB$2) -> 1158 | L13: =LOOKUP($A13,'2016'!$AA$1:$CA$1,'2016'!$AA$2:$CA$2) -> 1293 | M13: =LOOKUP($A13,'2015'!$AA$1:$CA$1,'2015'!$AA$2:$CA$2) -> 1246 | N13: =LOOKUP($A13,'2014'!$AA$1:$BY$1,'2014'!$AA$2:$BY$2) -> 1177 | O13: =LOOKUP($A13,'2013'!$AA$1:$BX$1,'2013'!$AA$2:$BX$2) -> 1261 | P13: =LOOKUP($A13,'2012'!$AA$1:$BX$1,'2012'!$AA$2:$BX$2) -> 1195 | Q13: =LOOKUP($A13,'2011'!$AA$1:$BX$1,'2011'!$AA$2:$BX$2) -> 1175 | R13: =LOOKUP($A13,'2010'!$AA$1:$BX$1,'2010'!$AA$2:$BX$2) -> 1129
... A37: Warwickshire | B37: =LOOKUP($A37,'2026'!$AA$1:$CA$1,'2026'!$AA$2:$CB$2) -> 153 | C37: =LOOKUP($A37,'2025'!$AA$1:$CA$1,'2025'!$AA$2:$CB$2) -> 237 | D37: =LOOKUP($A37,'2024'!$AA$1:$CA$1,'2024'!$AA$2:$CB$2) -> 195 | E37: =LOOKUP($A37,'2023'!$AA$1:$CA$1,'2023'!$AA$2:$CB$2) -> 450 | F37: =LOOKUP($A37,'2022'!$AA$1:$CA$1,'2022'!$AA$2:$CB$2) -> 712 | G37: =LOOKUP($A37,'2021'!$AA$1:$CA$1,'2021'!$AA$2:$CB$2) -> 712 | H37: =LOOKUP($A37,'2020'!$AA$1:$CA$1,'2020'!$AA$2:$CB$2) -> 780 | I37: =LOOKUP($A37,'2019'!$AA$1:$CA$1,'2019'!$AA$2:$CB$2) -> 879 | J37: =LOOKUP($A37,'2018'!$AA$1:$CA$1,'2018'!$AA$2:$CB$2) -> 690 | K37: =LOOKUP($A37,'2017'!$AA$1:$CA$1,'2017'!$AA$2:$CB$2) -> 559 | L37: =LOOKUP($A37,'2016'!$AA$1:$CA$1,'2016'!$AA$2:$CA$2) -> 522 | M37: =LOOKUP($A37,'2015'!$AA$1:$CA$1,'2015'!$AA$2:$CA$2) -> 530 | N37: =LOOKUP($A37,'2014'!$AA$1:$BY$1,'2014'!$AA$2:$BY$2) -> 605 | O37: =LOOKUP($A37,'2013'!$AA$1:$BX$1,'2013'!$AA$2:$BX$2) -> 567 | P37: =LOOKUP($A37,'2012'!$AA$1:$BX$1,'2012'!$AA$2:$BX$2) -> 558 | Q37: =LOOKUP($A37,'2011'!$AA$1:$BX$1,'2011'!$AA$2:$BX$2) -> 528 | R37: =LOOKUP($A37,'2010'!$AA$1:$BX$1,'2010'!$AA$2:$BX$2) -> 547
A38: Lancashire | B38: =LOOKUP($A38,'2026'!$AA$1:$CA$1,'2026'!$AA$2:$CB$2) -> 89 | C38: =LOOKUP($A38,'2025'!$AA$1:$CA$1,'2025'!$AA$2:$CB$2) -> 136 | D38: =LOOKUP($A38,'2024'!$AA$1:$CA$1,'2024'!$AA$2:$CB$2) -> 278 | E38: =LOOKUP($A38,'2023'!$AA$1:$CA$1,'2023'!$AA$2:$CB$2) -> 262 | F38: =LOOKUP($A38,'2022'!$AA$1:$CA$1,'2022'!$AA$2:$CB$2) -> 424 | G38: =LOOKUP($A38,'2021'!$AA$1:$CA$1,'2021'!$AA$2:$CB$2) -> 424 | H38: =LOOKUP($A38,'2020'!$AA$1:$CA$1,'2020'!$AA$2:$CB$2) -> 395 | I38: =LOOKUP($A38,'2019'!$AA$1:$CA$1,'2019'!$AA$2:$CB$2) -> 379 | J38: =LOOKUP($A38,'2018'!$AA$1:$CA$1,'2018'!$AA$2:$CB$2) -> 197 | K38: =LOOKUP($A38,'2017'!$AA$1:$CA$1,'2017'!$AA$2:$CB$2) -> 159 | L38: =LOOKUP($A38,'2016'!$AA$1:$CA$1,'2016'!$AA$2:$CA$2) -> 216 | M38: 0 | N38: 0 | O38: 0 | P38: 0 | Q38: 0 | R38: 0

Sheet 2025
A1: Date | B1: Grade | D1: Team 1 | E1: Elo | F1: G | G1: P | H1: Sc | J1: Team 2 | K1: Elo | L1: G | M1: P | N1: Sc | P1: Home? | R1: Margin* | S1: Weight | U1: T1 win odds | V1: Result T1 | W1: Result T2 | AA1: Antrim | AB1: Armagh | AC1: Carlow | AD1: Cavan | AE1: Clare | AF1: Cork | AG1: Derry | AH1: Donegal | AI1: Down | AJ1: Dublin | AK1: Fermanagh | AL1: Fingal | AM1: Galway | AN1: Kerry | AO1: Kildare | AP1: Kilkenny | AQ1: Lancashire | AR1: Laois | AS1: Leitrim | AT1: Limerick | AU1: London | AV1: Longford | AW1: Louth | AX1: Mayo | AY1: Meath | AZ1: Monaghan | BA1: New York | BB1: Offaly | BC1: Roscommon | BD1: Sligo | BE1: South Down | BF1: Tipperary | BG1: Tyrone | BH1: Warwickshire | BI1: Waterford | BJ1: Westmeath | BK1: Wexford | BL1: Wicklow
Z2: opening | AA2: =LOOKUP(9.999E+307,'2024'!AA:AA) -> 1549 | AB2: =LOOKUP(9.999E+307,'2024'!AB:AB) -> 605 | AC2: =LOOKUP(9.999E+307,'2024'!AC:AC) -> 1428 | AD2: =LOOKUP(9.999E+307,'2024'!AD:AD) -> 377 | AE2: =LOOKUP(9.999E+307,'2024'!AE:AE) -> 2294 | AF2: =LOOKUP(9.999E+307,'2024'!AF:AF) -> 2232 | AG2: =LOOKUP(9.999E+307,'2024'!AG:AG) -> 1198 | AH2: =LOOKUP(9.999E+307,'2024'!AH:AH) -> 1104 | AI2: =LOOKUP(9.999E+307,'2024'!AI:AI) -> 1191 | AJ2: =LOOKUP(9.999E+307,'2024'!AJ:AJ) -> 1867 | AK2: =LOOKUP(9.999E+307,'2024'!AK:AK) -> 570 | AL2: =LOOKUP(9.999E+307,'2024'!AL:AL) -> 717 | AM2: =LOOKUP(9.999E+307,'2024'!AM:AM) -> 2025 | AN2: =LOOKUP(9.999E+307,'2024'!AN:AN) -> 1331 | AO2: =LOOKUP(9.999E+307,'2024'!AO:AO) -> 1364 | AP2: =LOOKUP(9.999E+307,'2024'!AP:AP) -> 2115 | AQ2: =LOOKUP(9.999E+307,'2024'!AQ:AQ) -> 136 | AR2: =LOOKUP(9.999E+307,'2024'!AR:AR) -> 1521 | AS2: =LOOKUP(9.999E+307,'2024'!AS:AS) -> 228 | AT2: =LOOKUP(9.999E+307,'2024'!AT:AT) -> 2337 | AU2: =LOOKUP(9.999E+307,'2024'!AU:AU) -> 981 | AV2: =LOOKUP(9.999E+307,'2024'!AV:AV) -> 401 | AW2: =LOOKUP(9.999E+307,'2024'!AW:AW) -> 435 | AX2: =LOOKUP(9.999E+307,'2024'!AX:AX) -> 895 | AY2: =LOOKUP(9.999E+307,'2024'!AY:AY) -> 1089 | AZ2: =LOOKUP(9.999E+307,'2024'!AZ:AZ) -> 413 | BA2: =400 -> 400 | BB2: =LOOKUP(9.999E+307,'2024'!BB:BB) -> 1592 | BC2: =LOOKUP(9.999E+307,'2024'!BC:BC) -> 798 | BD2: =LOOKUP(9.999E+307,'2024'!BD:BD) -> 716 | BE2: =LOOKUP(9.999E+307,'2024'!BE:BE) -> 638 | BF2: =LOOKUP(9.999E+307,'2024'!BF:BF) -> 1960 | BG2: =LOOKUP(9.999E+307,'2024'!BG:BG) -> 885 | BH2: =LOOKUP(9.999E+307,'2024'!BH:BH) -> 237 | BI2: =LOOKUP(9.999E+307,'2024'!BI:BI) -> 1920 | BJ2: =LOOKUP(9.999E+307,'2024'!BJ:BJ) -> 1514 | BK2: =LOOKUP(9.999E+307,'2024'!BK:BK) -> 1949 | BL2: =LOOKUP(9.999E+307,'2024'!BL:BL) -> 822
A3: 45682 | B3: League | D3: Wexford | E3: =HLOOKUP(D3,AA$1:CB$10081,ROW()-1,FALSE) -> 1949 | F3: 0 | G3: 12 | H3: =F3*3+G3 -> 12 | J3: Cork | K3: =HLOOKUP(J3,AA$1:CB$10081,ROW()-1,FALSE) -> 2232 | L3: 2 | M3: 21 | N3: =L3*3+M3 -> 27 | P3: Y | R3: =MIN(Rules!$E$2,(MAX(H3/N3,N3/H3))) -> 2 | S3: =VLOOKUP(B3,Rules!A:B,2,FALSE) -> 40 | U3: =1/(10^(-(E3+(IF(P3="Y",Rules!$I$2,0))-K3)/Rules!$E$12)+1) -> 0.35149194 | V3: =ROUND(IF(H3>N3,(S3*R3*(1-U3)),IF(H3<N3,(S3*R3*(0-U3)),S3*R3*(0.5-U3))),0) -> -28 | W3: =-1*V3 -> 28 | AA3: =IF($D3=AA$1,$E3+$V3,(IF($J3=AA$1,$K3+$W3,AA2))) -> 1549 | AB3: =IF($D3=AB$1,$E3+$V3,(IF($J3=AB$1,$K3+$W3,AB2))) -> 605 | AC3: =IF($D3=AC$1,$E3+$V3,(IF($J3=AC$1,$K3+$W3,AC2))) -> 1428 | AD3: =IF($D3=AD$1,$E3+$V3,(IF($J3=AD$1,$K3+$W3,AD2))) -> 377 | AE3: =IF($D3=AE$1,$E3+$V3,(IF($J3=AE$1,$K3+$W3,AE2))) -> 2294 | AF3: =IF($D3=AF$1,$E3+$V3,(IF($J3=AF$1,$K3+$W3,AF2))) -> 2260 | AG3: =IF($D3=AG$1,$E3+$V3,(IF($J3=AG$1,$K3+$W3,AG2))) -> 1198 | AH3: =IF($D3=AH$1,$E3+$V3,(IF($J3=AH$1,$K3+$W3,AH2))) -> 1104 | ... BL3: =IF($D3=BL$1,$E3+$V3,(IF($J3=BL$1,$K3+$W3,BL2))) -> 822
A4: 45682 | B4: League | D4: Offaly | E4: =HLOOKUP(D4,AA$1:CB$10081,ROW()-1,FALSE) -> 1592 | F4: 0 | G4: 19 | H4: =F4*3+G4 -> 19 | J4: Carlow | K4: =HLOOKUP(J4,AA$1:CB$10081,ROW()-1,FALSE) -> 1428 | L4: 1 | M4: 16 | N4: =L4*3+M4 -> 19 | P4: Y | R4: =MIN(Rules!$E$2,(MAX(H4/N4,N4/H4))) -> 1 | S4: =VLOOKUP(B4,Rules!A:B,2,FALSE) -> 40 | U4: =1/(10^(-(E4+(IF(P4="Y",Rules!$I$2,0))-K4)/Rules!$E$12)+1) -> 0.80938568 | V4: =ROUND(IF(H4>N4,(S4*R4*(1-U4)),IF(H4<N4,(S4*R4*(0-U4)),S4*R4*(0.5-U4))),0) -> -12 | W4: =-1*V4 -> 12 | AA4: =IF($D4=AA$1,$E4+$V4,(IF($J4=AA$1,$K4+$W4,AA3))) -> 1549 | AB4: =IF($D4=AB$1,$E4+$V4,(IF($J4=AB$1,$K4+$W4,AB3))) -> 605 | AC4: =IF($D4=AC$1,$E4+$V4,(IF($J4=AC$1,$K4+$W4,AC3))) -> 1440 | AD4: =IF($D4=AD$1,$E4+$V4,(IF($J4=AD$1,$K4+$W4,AD3))) -> 377 | AE4: =IF($D4=AE$1,$E4+$V4,(IF($J4=AE$1,$K4+$W4,AE3))) -> 2294 | AF4: =IF($D4=AF$1,$E4+$V4,(IF($J4=AF$1,$K4+$W4,AF3))) -> 2260 | AG4: =IF($D4=AG$1,$E4+$V4,(IF($J4=AG$1,$K4+$W4,AG3))) -> 1198 | AH4: =IF($D4=AH$1,$E4+$V4,(IF($J4=AH$1,$K4+$W4,AH3))) -> 1104 | ... BL4: =IF($D4=BL$1,$E4+$V4,(IF($J4=BL$1,$K4+$W4,BL3))) -> 822
A5: 45682 | B5: League | D5: Dublin | E5: =HLOOKUP(D5,AA$1:CB$10081,ROW()-1,FALSE) -> 1867 | F5: 1 | G5: 25 | H5: =F5*3+G5 -> 28 | J5: Antrim | K5: =HLOOKUP(J5,AA$1:CB$10081,ROW()-1,FALSE) -> 1549 | L5: 2 | M5: 14 | N5: =L5*3+M5 -> 20 | P5: Y | R5: =MIN(Rules!$E$2,(MAX(H5/N5,N5/H5))) -> 1.4 | S5: =VLOOKUP(B5,Rules!A:B,2,FALSE) -> 40 | U5: =1/(10^(-(E5+(IF(P5="Y",Rules!$I$2,0))-K5)/Rules!$E$12)+1) -> 0.89615553 | V5: =ROUND(IF(H5>N5,(S5*R5*(1-U5)),IF(H5<N5,(S5*R5*(0-U5)),S5*R5*(0.5-U5))),0) -> 6 | W5: =-1*V5 -> -6 | AA5: =IF($D5=AA$1,$E5+$V5,(IF($J5=AA$1,$K5+$W5,AA4))) -> 1543 | AB5: =IF($D5=AB$1,$E5+$V5,(IF($J5=AB$1,$K5+$W5,AB4))) -> 605 | AC5: =IF($D5=AC$1,$E5+$V5,(IF($J5=AC$1,$K5+$W5,AC4))) -> 1440 | AD5: =IF($D5=AD$1,$E5+$V5,(IF($J5=AD$1,$K5+$W5,AD4))) -> 377 | AE5: =IF($D5=AE$1,$E5+$V5,(IF($J5=AE$1,$K5+$W5,AE4))) -> 2294 | AF5: =IF($D5=AF$1,$E5+$V5,(IF($J5=AF$1,$K5+$W5,AF4))) -> 2260 | AG5: =IF($D5=AG$1,$E5+$V5,(IF($J5=AG$1,$K5+$W5,AG4))) -> 1198 | AH5: =IF($D5=AH$1,$E5+$V5,(IF($J5=AH$1,$K5+$W5,AH4))) -> 1104 | ... BL5: =IF($D5=BL$1,$E5+$V5,(IF($J5=BL$1,$K5+$W5,BL4))) -> 822
A6: 45682 | B6: League | D6: Down | E6: =HLOOKUP(D6,AA$1:CB$10081,ROW()-1,FALSE) -> 1191 | F6: 2 | G6: 19 | H6: =F6*3+G6 -> 25 | J6: Kildare | K6: =HLOOKUP(J6,AA$1:CB$10081,ROW()-1,FALSE) -> 1364 | L6: 0 | M6: 22 | N6: =L6*3+M6 -> 22 | P6: Y | R6: =MIN(Rules!$E$2,(MAX(H6/N6,N6/H6))) -> 1.1363636 | S6: =VLOOKUP(B6,Rules!A:B,2,FALSE) -> 40 | U6: =1/(10^(-(E6+(IF(P6="Y",Rules!$I$2,0))-K6)/Rules!$E$12)+1) -> 0.473545 | V6: =ROUND(IF(H6>N6,(S6*R6*(1-U6)),IF(H6<N6,(S6*R6*(0-U6)),S6*R6*(0.5-U6))),0) -> 24 | W6: =-1*V6 -> -24 | AA6: =IF($D6=AA$1,$E6+$V6,(IF($J6=AA$1,$K6+$W6,AA5))) -> 1543 | AB6: =IF($D6=AB$1,$E6+$V6,(IF($J6=AB$1,$K6+$W6,AB5))) -> 605 | AC6: =IF($D6=AC$1,$E6+$V6,(IF($J6=AC$1,$K6+$W6,AC5))) -> 1440 | AD6: =IF($D6=AD$1,$E6+$V6,(IF($J6=AD$1,$K6+$W6,AD5))) -> 377 | AE6: =IF($D6=AE$1,$E6+$V6,(IF($J6=AE$1,$K6+$W6,AE5))) -> 2294 | AF6: =IF($D6=AF$1,$E6+$V6,(IF($J6=AF$1,$K6+$W6,AF5))) -> 2260 | AG6: =IF($D6=AG$1,$E6+$V6,(IF($J6=AG$1,$K6+$W6,AG5))) -> 1198 | AH6: =IF($D6=AH$1,$E6+$V6,(IF($J6=AH$1,$K6+$W6,AH5))) -> 1104 | ... BL6: =IF($D6=BL$1,$E6+$V6,(IF($J6=BL$1,$K6+$W6,BL5))) -> 822
A7: 45682 | B7: League | D7: Tyrone | E7: =HLOOKUP(D7,AA$1:CB$10081,ROW()-1,FALSE) -> 885 | F7: 0 | G7: 14 | H7: =F7*3+G7 -> 14 | J7: Derry | K7: =HLOOKUP(J7,AA$1:CB$10081,ROW()-1,FALSE) -> 1198 | L7: 1 | M7: 13 | N7: =L7*3+M7 -> 16 | P7: Y | R7: =MIN(Rules!$E$2,(MAX(H7/N7,N7/H7))) -> 1.1428571 | S7: =VLOOKUP(B7,Rules!A:B,2,FALSE) -> 40 | U7: =1/(10^(-(E7+(IF(P7="Y",Rules!$I$2,0))-K7)/Rules!$E$12)+1) -> 0.32068127 | V7: =ROUND(IF(H7>N7,(S7*R7*(1-U7)),IF(H7<N7,(S7*R7*(0-U7)),S7*R7*(0.5-U7))),0) -> -15 | W7: =-1*V7 -> 15 | AA7: =IF($D7=AA$1,$E7+$V7,(IF($J7=AA$1,$K7+$W7,AA6))) -> 1543 | AB7: =IF($D7=AB$1,$E7+$V7,(IF($J7=AB$1,$K7+$W7,AB6))) -> 605 | AC7: =IF($D7=AC$1,$E7+$V7,(IF($J7=AC$1,$K7+$W7,AC6))) -> 1440 | AD7: =IF($D7=AD$1,$E7+$V7,(IF($J7=AD$1,$K7+$W7,AD6))) -> 377 | AE7: =IF($D7=AE$1,$E7+$V7,(IF($J7=AE$1,$K7+$W7,AE6))) -> 2294 | AF7: =IF($D7=AF$1,$E7+$V7,(IF($J7=AF$1,$K7+$W7,AF6))) -> 2260 | AG7: =IF($D7=AG$1,$E7+$V7,(IF($J7=AG$1,$K7+$W7,AG6))) -> 1213 | AH7: =IF($D7=AH$1,$E7+$V7,(IF($J7=AH$1,$K7+$W7,AH6))) -> 1104 | ... BL7: =IF($D7=BL$1,$E7+$V7,(IF($J7=BL$1,$K7+$W7,BL6))) -> 822
A8: 45682 | B8: League | D8: Louth | E8: =HLOOKUP(D8,AA$1:CB$10081,ROW()-1,FALSE) -> 435 | F8: 2 | G8: 18 | H8: =F8*3+G8 -> 24 | J8: Fermanagh | K8: =HLOOKUP(J8,AA$1:CB$10081,ROW()-1,FALSE) -> 570 | L8: 1 | M8: 12 | N8: =L8*3+M8 -> 15 | P8: Y | R8: =MIN(Rules!$E$2,(MAX(H8/N8,N8/H8))) -> 1.6 | S8: =VLOOKUP(B8,Rules!A:B,2,FALSE) -> 40 | U8: =1/(10^(-(E8+(IF(P8="Y",Rules!$I$2,0))-K8)/Rules!$E$12)+1) -> 0.51726252 | V8: =ROUND(IF(H8>N8,(S8*R8*(1-U8)),IF(H8<N8,(S8*R8*(0-U8)),S8*R8*(0.5-U8))),0) -> 31 | W8: =-1*V8 -> -31 | AA8: =IF($D8=AA$1,$E8+$V8,(IF($J8=AA$1,$K8+$W8,AA7))) -> 1543 | AB8: =IF($D8=AB$1,$E8+$V8,(IF($J8=AB$1,$K8+$W8,AB7))) -> 605 | AC8: =IF($D8=AC$1,$E8+$V8,(IF($J8=AC$1,$K8+$W8,AC7))) -> 1440 | AD8: =IF($D8=AD$1,$E8+$V8,(IF($J8=AD$1,$K8+$W8,AD7))) -> 377 | AE8: =IF($D8=AE$1,$E8+$V8,(IF($J8=AE$1,$K8+$W8,AE7))) -> 2294 | AF8: =IF($D8=AF$1,$E8+$V8,(IF($J8=AF$1,$K8+$W8,AF7))) -> 2260 | AG8: =IF($D8=AG$1,$E8+$V8,(IF($J8=AG$1,$K8+$W8,AG7))) -> 1213 | AH8: =IF($D8=AH$1,$E8+$V8,(IF($J8=AH$1,$K8+$W8,AH7))) -> 1104 | ... BL8: =IF($D8=BL$1,$E8+$V8,(IF($J8=BL$1,$K8+$W8,BL7))) -> 822
A9: 45682 | B9: League | D9: Longford | E9: =HLOOKUP(D9,AA$1:CB$10081,ROW()-1,FALSE) -> 401 | F9: 4 | G9: 14 | H9: =F9*3+G9 -> 26 | J9: Warwickshire | K9: =HLOOKUP(J9,AA$1:CB$10081,ROW()-1,FALSE) -> 237 | L9: 3 | M9: 11 | N9: =L9*3+M9 -> 20 | P9: Y | R9: =MIN(Rules!$E$2,(MAX(H9/N9,N9/H9))) -> 1.3 | S9: =VLOOKUP(B9,Rules!A:B,2,FALSE) -> 40 | U9: =1/(10^(-(E9+(IF(P9="Y",Rules!$I$2,0))-K9)/Rules!$E$12)+1) -> 0.80938568 | V9: =ROUND(IF(H9>N9,(S9*R9*(1-U9)),IF(H9<N9,(S9*R9*(0-U9)),S9*R9*(0.5-U9))),0) -> 10 | W9: =-1*V9 -> -10 | AA9: =IF($D9=AA$1,$E9+$V9,(IF($J9=AA$1,$K9+$W9,AA8))) -> 1543 | AB9: =IF($D9=AB$1,$E9+$V9,(IF($J9=AB$1,$K9+$W9,AB8))) -> 605 | AC9: =IF($D9=AC$1,$E9+$V9,(IF($J9=AC$1,$K9+$W9,AC8))) -> 1440 | AD9: =IF($D9=AD$1,$E9+$V9,(IF($J9=AD$1,$K9+$W9,AD8))) -> 377 | AE9: =IF($D9=AE$1,$E9+$V9,(IF($J9=AE$1,$K9+$W9,AE8))) -> 2294 | AF9: =IF($D9=AF$1,$E9+$V9,(IF($J9=AF$1,$K9+$W9,AF8))) -> 2260 | AG9: =IF($D9=AG$1,$E9+$V9,(IF($J9=AG$1,$K9+$W9,AG8))) -> 1213 | AH9: =IF($D9=AH$1,$E9+$V9,(IF($J9=AH$1,$K9+$W9,AH8))) -> 1104 | ... BL9: =IF($D9=BL$1,$E9+$V9,(IF($J9=BL$1,$K9+$W9,BL8))) -> 822
A10: 45682 | B10: League | D10: Lancashire | E10: =HLOOKUP(D10,AA$1:CB$10081,ROW()-1,FALSE) -> 136 | F10: 2 | G10: 10 | H10: =F10*3+G10 -> 16 | J10: Leitrim | K10: =HLOOKUP(J10,AA$1:CB$10081,ROW()-1,FALSE) -> 228 | L10: 0 | M10: 21 | N10: =L10*3+M10 -> 21 | P10: N | R10: =MIN(Rules!$E$2,(MAX(H10/N10,N10/H10))) -> 1.3125 | S10: =VLOOKUP(B10,Rules!A:B,2,FALSE) -> 40 | U10: =1/(10^(-(E10+(IF(P10="Y",Rules!$I$2,0))-K10)/Rules!$E$12)+1) -> 0.39563753 | V10: =ROUND(IF(H10>N10,(S10*R10*(1-U10)),IF(H10<N10,(S10*R10*(0-U10)),S10*R10*(0.5-U10))),0) -> -21 | W10: =-1*V10 -> 21 | AA10: =IF($D10=AA$1,$E10+$V10,(IF($J10=AA$1,$K10+$W10,AA9))) -> 1543 | AB10: =IF($D10=AB$1,$E10+$V10,(IF($J10=AB$1,$K10+$W10,AB9))) -> 605 | AC10: =IF($D10=AC$1,$E10+$V10,(IF($J10=AC$1,$K10+$W10,AC9))) -> 1440 | AD10: =IF($D10=AD$1,$E10+$V10,(IF($J10=AD$1,$K10+$W10,AD9))) -> 377 | AE10: =IF($D10=AE$1,$E10+$V10,(IF($J10=AE$1,$K10+$W10,AE9))) -> 2294 | AF10: =IF($D10=AF$1,$E10+$V10,(IF($J10=AF$1,$K10+$W10,AF9))) -> 2260 | AG10: =IF($D10=AG$1,$E10+$V10,(IF($J10=AG$1,$K10+$W10,AG9))) -> 1213 | AH10: =IF($D10=AH$1,$E10+$V10,(IF($J10=AH$1,$K10+$W10,AH9))) -> 1104 | ... BL10: =IF($D10=BL$1,$E10+$V10,(IF($J10=BL$1,$K10+$W10,BL9))) -> 822
A11: 45682 | B11: League | D11: Meath | E11: =HLOOKUP(D11,AA$1:CB$10081,ROW()-1,FALSE) -> 1089 | F11: 2 | G11: 12 | H11: =F11*3+G11 -> 18 | J11: Donegal | K11: =HLOOKUP(J11,AA$1:CB$10081,ROW()-1,FALSE) -> 1104 | L11: 1 | M11: 14 | N11: =L11*3+M11 -> 17 | P11: Y | R11: =MIN(Rules!$E$2,(MAX(H11/N11,N11/H11))) -> 1.0588235 | S11: =VLOOKUP(B11,Rules!A:B,2,FALSE) -> 40 | U11: =1/(10^(-(E11+(IF(P11="Y",Rules!$I$2,0))-K11)/Rules!$E$12)+1) -> 0.65060463 | V11: =ROUND(IF(H11>N11,(S11*R11*(1-U11)),IF(H11<N11,(S11*R11*(0-U11)),S11*R11*(0.5-U11))),0) -> 15 | W11: =-1*V11 -> -15 | AA11: =IF($D11=AA$1,$E11+$V11,(IF($J11=AA$1,$K11+$W11,AA10))) -> 1543 | AB11: =IF($D11=AB$1,$E11+$V11,(IF($J11=AB$1,$K11+$W11,AB10))) -> 605 | AC11: =IF($D11=AC$1,$E11+$V11,(IF($J11=AC$1,$K11+$W11,AC10))) -> 1440 | AD11: =IF($D11=AD$1,$E11+$V11,(IF($J11=AD$1,$K11+$W11,AD10))) -> 377 | AE11: =IF($D11=AE$1,$E11+$V11,(IF($J11=AE$1,$K11+$W11,AE10))) -> 2294 | AF11: =IF($D11=AF$1,$E11+$V11,(IF($J11=AF$1,$K11+$W11,AF10))) -> 2260 | AG11: =IF($D11=AG$1,$E11+$V11,(IF($J11=AG$1,$K11+$W11,AG10))) -> 1213 | AH11: =IF($D11=AH$1,$E11+$V11,(IF($J11=AH$1,$K11+$W11,AH10))) -> 1089 | ... BL11: =IF($D11=BL$1,$E11+$V11,(IF($J11=BL$1,$K11+$W11,BL10))) -> 822
A12: 45683 | B12: League | D12: Clare | E12: =HLOOKUP(D12,AA$1:CB$10081,ROW()-1,FALSE) -> 2294 | F12: 0 | G12: 21 | H12: =F12*3+G12 -> 21 | J12: Kilkenny | K12: =HLOOKUP(J12,AA$1:CB$10081,ROW()-1,FALSE) -> 2115 | L12: 0 | M12: 23 | N12: =L12*3+M12 -> 23 | P12: Y | R12: =MIN(Rules!$E$2,(MAX(H12/N12,N12/H12))) -> 1.0952381 | S12: =VLOOKUP(B12,Rules!A:B,2,FALSE) -> 40 | U12: =1/(10^(-(E12+(IF(P12="Y",Rules!$I$2,0))-K12)/Rules!$E$12)+1) -> 0.81981594 | V12: =ROUND(IF(H12>N12,(S12*R12*(1-U12)),IF(H12<N12,(S12*R12*(0-U12)),S12*R12*(0.5-U12))),0) -> -36 | W12: =-1*V12 -> 36 | AA12: =IF($D12=AA$1,$E12+$V12,(IF($J12=AA$1,$K12+$W12,AA11))) -> 1543 | AB12: =IF($D12=AB$1,$E12+$V12,(IF($J12=AB$1,$K12+$W12,AB11))) -> 605 | AC12: =IF($D12=AC$1,$E12+$V12,(IF($J12=AC$1,$K12+$W12,AC11))) -> 1440 | AD12: =IF($D12=AD$1,$E12+$V12,(IF($J12=AD$1,$K12+$W12,AD11))) -> 377 | AE12: =IF($D12=AE$1,$E12+$V12,(IF($J12=AE$1,$K12+$W12,AE11))) -> 2258 | AF12: =IF($D12=AF$1,$E12+$V12,(IF($J12=AF$1,$K12+$W12,AF11))) -> 2260 | AG12: =IF($D12=AG$1,$E12+$V12,(IF($J12=AG$1,$K12+$W12,AG11))) -> 1213 | AH12: =IF($D12=AH$1,$E12+$V12,(IF($J12=AH$1,$K12+$W12,AH11))) -> 1089 | ... BL12: =IF($D12=BL$1,$E12+$V12,(IF($J12=BL$1,$K12+$W12,BL11))) -> 822
A13: 45683 | B13: League | D13: Galway | E13: =HLOOKUP(D13,AA$1:CB$10081,ROW()-1,FALSE) -> 2025 | F13: 2 | G13: 16 | H13: =F13*3+G13 -> 22 | J13: Tipperary | K13: =HLOOKUP(J13,AA$1:CB$10081,ROW()-1,FALSE) -> 1960 | L13: 3 | M13: 25 | N13: =L13*3+M13 -> 34 | P13: Y | R13: =MIN(Rules!$E$2,(MAX(H13/N13,N13/H13))) -> 1.5454545 | S13: =VLOOKUP(B13,Rules!A:B,2,FALSE) -> 40 | U13: =1/(10^(-(E13+(IF(P13="Y",Rules!$I$2,0))-K13)/Rules!$E$12)+1) -> 0.72910996 | V13: =ROUND(IF(H13>N13,(S13*R13*(1-U13)),IF(H13<N13,(S13*R13*(0-U13)),S13*R13*(0.5-U13))),0) -> -45 | W13: =-1*V13 -> 45 | AA13: =IF($D13=AA$1,$E13+$V13,(IF($J13=AA$1,$K13+$W13,AA12))) -> 1543 | AB13: =IF($D13=AB$1,$E13+$V13,(IF($J13=AB$1,$K13+$W13,AB12))) -> 605 | AC13: =IF($D13=AC$1,$E13+$V13,(IF($J13=AC$1,$K13+$W13,AC12))) -> 1440 | AD13: =IF($D13=AD$1,$E13+$V13,(IF($J13=AD$1,$K13+$W13,AD12))) -> 377 | AE13: =IF($D13=AE$1,$E13+$V13,(IF($J13=AE$1,$K13+$W13,AE12))) -> 2258 | AF13: =IF($D13=AF$1,$E13+$V13,(IF($J13=AF$1,$K13+$W13,AF12))) -> 2260 | AG13: =IF($D13=AG$1,$E13+$V13,(IF($J13=AG$1,$K13+$W13,AG12))) -> 1213 | AH13: =IF($D13=AH$1,$E13+$V13,(IF($J13=AH$1,$K13+$W13,AH12))) -> 1089 | ... BL13: =IF($D13=BL$1,$E13+$V13,(IF($J13=BL$1,$K13+$W13,BL12))) -> 822
A14: 45683 | B14: League | D14: London | E14: =HLOOKUP(D14,AA$1:CB$10081,ROW()-1,FALSE) -> 981 | F14: 1 | G14: 10 | H14: =F14*3+G14 -> 13 | J14: Roscommon | K14: =HLOOKUP(J14,AA$1:CB$10081,ROW()-1,FALSE) -> 798 | L14: 1 | M14: 15 | N14: =L14*3+M14 -> 18 | P14: Y | R14: =MIN(Rules!$E$2,(MAX(H14/N14,N14/H14))) -> 1.3846154 | S14: =VLOOKUP(B14,Rules!A:B,2,FALSE) -> 40 | U14: =1/(10^(-(E14+(IF(P14="Y",Rules!$I$2,0))-K14)/Rules!$E$12)+1) -> 0.82252099 | V14: =ROUND(IF(H14>N14,(S14*R14*(1-U14)),IF(H14<N14,(S14*R14*(0-U14)),S14*R14*(0.5-U14))),0) -> -46 | W14: =-1*V14 -> 46 | AA14: =IF($D14=AA$1,$E14+$V14,(IF($J14=AA$1,$K14+$W14,AA13))) -> 1543 | AB14: =IF($D14=AB$1,$E14+$V14,(IF($J14=AB$1,$K14+$W14,AB13))) -> 605 | AC14: =IF($D14=AC$1,$E14+$V14,(IF($J14=AC$1,$K14+$W14,AC13))) -> 1440 | AD14: =IF($D14=AD$1,$E14+$V14,(IF($J14=AD$1,$K14+$W14,AD13))) -> 377 | AE14: =IF($D14=AE$1,$E14+$V14,(IF($J14=AE$1,$K14+$W14,AE13))) -> 2258 | AF14: =IF($D14=AF$1,$E14+$V14,(IF($J14=AF$1,$K14+$W14,AF13))) -> 2260 | AG14: =IF($D14=AG$1,$E14+$V14,(IF($J14=AG$1,$K14+$W14,AG13))) -> 1213 | AH14: =IF($D14=AH$1,$E14+$V14,(IF($J14=AH$1,$K14+$W14,AH13))) -> 1089 | ... BL14: =IF($D14=BL$1,$E14+$V14,(IF($J14=BL$1,$K14+$W14,BL13))) -> 822
A15: 45683 | B15: League | D15: Sligo | E15: =HLOOKUP(D15,AA$1:CB$10081,ROW()-1,FALSE) -> 716 | F15: 2 | G15: 8 | H15: =F15*3+G15 -> 14 | J15: Wicklow | K15: =HLOOKUP(J15,AA$1:CB$10081,ROW()-1,FALSE) -> 822 | L15: 1 | M15: 16 | N15: =L15*3+M15 -> 19 | P15: Y | R15: =MIN(Rules!$E$2,(MAX(H15/N15,N15/H15))) -> 1.3571429 | S15: =VLOOKUP(B15,Rules!A:B,2,FALSE) -> 40 | U15: =1/(10^(-(E15+(IF(P15="Y",Rules!$I$2,0))-K15)/Rules!$E$12)+1) -> 0.55048426 | V15: =ROUND(IF(H15>N15,(S15*R15*(1-U15)),IF(H15<N15,(S15*R15*(0-U15)),S15*R15*(0.5-U15))),0) -> -30 | W15: =-1*V15 -> 30 | AA15: =IF($D15=AA$1,$E15+$V15,(IF($J15=AA$1,$K15+$W15,AA14))) -> 1543 | AB15: =IF($D15=AB$1,$E15+$V15,(IF($J15=AB$1,$K15+$W15,AB14))) -> 605 | AC15: =IF($D15=AC$1,$E15+$V15,(IF($J15=AC$1,$K15+$W15,AC14))) -> 1440 | AD15: =IF($D15=AD$1,$E15+$V15,(IF($J15=AD$1,$K15+$W15,AD14))) -> 377 | AE15: =IF($D15=AE$1,$E15+$V15,(IF($J15=AE$1,$K15+$W15,AE14))) -> 2258 | AF15: =IF($D15=AF$1,$E15+$V15,(IF($J15=AF$1,$K15+$W15,AF14))) -> 2260 | AG15: =IF($D15=AG$1,$E15+$V15,(IF($J15=AG$1,$K15+$W15,AG14))) -> 1213 | AH15: =IF($D15=AH$1,$E15+$V15,(IF($J15=AH$1,$K15+$W15,AH14))) -> 1089 | ... BL15: =IF($D15=BL$1,$E15+$V15,(IF($J15=BL$1,$K15+$W15,BL14))) -> 852
A16: 45704 | B16: League | D16: Westmeath | E16: =HLOOKUP(D16,AA$1:CB$10081,ROW()-1,FALSE) -> 1514 | F16: 0 | G16: 1 | H16: 19 | J16: Laois | K16: =HLOOKUP(J16,AA$1:CB$10081,ROW()-1,FALSE) -> 1521 | L16: 4 | M16: 18 | N16: =L16*3+M16 -> 30 | P16: Y | R16: =MIN(Rules!$E$2,(MAX(H16/N16,N16/H16))) -> 1.5789474 | S16: =VLOOKUP(B16,Rules!A:B,2,FALSE) -> 40 | U16: =1/(10^(-(E16+(IF(P16="Y",Rules!$I$2,0))-K16)/Rules!$E$12)+1) -> 0.65893219 | V16: =ROUND(IF(H16>N16,(S16*R16*(1-U16)),IF(H16<N16,(S16*R16*(0-U16)),S16*R16*(0.5-U16))),0) -> -42 | W16: =-1*V16 -> 42 | AA16: =IF($D16=AA$1,$E16+$V16,(IF($J16=AA$1,$K16+$W16,AA15))) -> 1543 | AB16: =IF($D16=AB$1,$E16+$V16,(IF($J16=AB$1,$K16+$W16,AB15))) -> 605 | AC16: =IF($D16=AC$1,$E16+$V16,(IF($J16=AC$1,$K16+$W16,AC15))) -> 1440 | AD16: =IF($D16=AD$1,$E16+$V16,(IF($J16=AD$1,$K16+$W16,AD15))) -> 377 | AE16: =IF($D16=AE$1,$E16+$V16,(IF($J16=AE$1,$K16+$W16,AE15))) -> 2258 | AF16: =IF($D16=AF$1,$E16+$V16,(IF($J16=AF$1,$K16+$W16,AF15))) -> 2260 | AG16: =IF($D16=AG$1,$E16+$V16,(IF($J16=AG$1,$K16+$W16,AG15))) -> 1213 | AH16: =IF($D16=AH$1,$E16+$V16,(IF($J16=AH$1,$K16+$W16,AH15))) -> 1089 | ... BL16: =IF($D16=BL$1,$E16+$V16,(IF($J16=BL$1,$K16+$W16,BL15))) -> 852
A17: 45704 | B17: League | D17: Mayo | E17: =HLOOKUP(D17,AA$1:CB$10081,ROW()-1,FALSE) -> 895 | F17: 1 | G17: 23 | H17: =F17*3+G17 -> 26 | J17: Cavan | K17: =HLOOKUP(J17,AA$1:CB$10081,ROW()-1,FALSE) -> 377 | L17: 2 | M17: 14 | N17: =L17*3+M17 -> 20 | P17: Y | R17: =MIN(Rules!$E$2,(MAX(H17/N17,N17/H17))) -> 1.3 | S17: =VLOOKUP(B17,Rules!A:B,2,FALSE) -> 40 | U17: =1/(10^(-(E17+(IF(P17="Y",Rules!$I$2,0))-K17)/Rules!$E$12)+1) -> 0.95590254 | V17: =ROUND(IF(H17>N17,(S17*R17*(1-U17)),IF(H17<N17,(S17*R17*(0-U17)),S17*R17*(0.5-U17))),0) -> 2 | W17: =-1*V17 -> -2 | AA17: =IF($D17=AA$1,$E17+$V17,(IF($J17=AA$1,$K17+$W17,AA16))) -> 1543 | AB17: =IF($D17=AB$1,$E17+$V17,(IF($J17=AB$1,$K17+$W17,AB16))) -> 605 | AC17: =IF($D17=AC$1,$E17+$V17,(IF($J17=AC$1,$K17+$W17,AC16))) -> 1440 | AD17: =IF($D17=AD$1,$E17+$V17,(IF($J17=AD$1,$K17+$W17,AD16))) -> 375 | AE17: =IF($D17=AE$1,$E17+$V17,(IF($J17=AE$1,$K17+$W17,AE16))) -> 2258 | AF17: =IF($D17=AF$1,$E17+$V17,(IF($J17=AF$1,$K17+$W17,AF16))) -> 2260 | AG17: =IF($D17=AG$1,$E17+$V17,(IF($J17=AG$1,$K17+$W17,AG16))) -> 1213 | AH17: =IF($D17=AH$1,$E17+$V17,(IF($J17=AH$1,$K17+$W17,AH16))) -> 1089 | ... BL17: =IF($D17=BL$1,$E17+$V17,(IF($J17=BL$1,$K17+$W17,BL16))) -> 852
A18: 45689 | B18: League | D18: Cork | E18: =HLOOKUP(D18,AA$1:CB$10081,ROW()-1,FALSE) -> 2260 | F18: 1 | G18: 16 | H18: =F18*3+G18 -> 19 | J18: Limerick | K18: =HLOOKUP(J18,AA$1:CB$10081,ROW()-1,FALSE) -> 2337 | L18: 1 | M18: 16 | N18: =L18*3+M18 -> 19 | P18: Y | R18: =MIN(Rules!$E$2,(MAX(H18/N18,N18/H18))) -> 1 | S18: =VLOOKUP(B18,Rules!A:B,2,FALSE) -> 40 | U18: =1/(10^(-(E18+(IF(P18="Y",Rules!$I$2,0))-K18)/Rules!$E$12)+1) -> 0.58326168 | V18: =ROUND(IF(H18>N18,(S18*R18*(1-U18)),IF(H18<N18,(S18*R18*(0-U18)),S18*R18*(0.5-U18))),0) -> -3 | W18: =-1*V18 -> 3 | AA18: =IF($D18=AA$1,$E18+$V18,(IF($J18=AA$1,$K18+$W18,AA17))) -> 1543 | AB18: =IF($D18=AB$1,$E18+$V18,(IF($J18=AB$1,$K18+$W18,AB17))) -> 605 | AC18: =IF($D18=AC$1,$E18+$V18,(IF($J18=AC$1,$K18+$W18,AC17))) -> 1440 | AD18: =IF($D18=AD$1,$E18+$V18,(IF($J18=AD$1,$K18+$W18,AD17))) -> 375 | AE18: =IF($D18=AE$1,$E18+$V18,(IF($J18=AE$1,$K18+$W18,AE17))) -> 2258 | AF18: =IF($D18=AF$1,$E18+$V18,(IF($J18=AF$1,$K18+$W18,AF17))) -> 2257 | AG18: =IF($D18=AG$1,$E18+$V18,(IF($J18=AG$1,$K18+$W18,AG17))) -> 1213 | AH18: =IF($D18=AH$1,$E18+$V18,(IF($J18=AH$1,$K18+$W18,AH17))) -> 1089 | ... BL18: =IF($D18=BL$1,$E18+$V18,(IF($J18=BL$1,$K18+$W18,BL17))) -> 852
A19: 45689 | B19: League | D19: Derry | E19: =HLOOKUP(D19,AA$1:CB$10081,ROW()-1,FALSE) -> 1213 | F19: 0 | G19: 13 | H19: =F19*3+G19 -> 13 | J19: Down | K19: =HLOOKUP(J19,AA$1:CB$10081,ROW()-1,FALSE) -> 1215 | L19: 2 | M19: 26 | N19: =L19*3+M19 -> 32 | P19: Y | R19: =MIN(Rules!$E$2,(MAX(H19/N19,N19/H19))) -> 2 | S19: =VLOOKUP(B19,Rules!A:B,2,FALSE) -> 40 | U19: =1/(10^(-(E19+(IF(P19="Y",Rules!$I$2,0))-K19)/Rules!$E$12)+1) -> 0.66408794 | V19: =ROUND(IF(H19>N19,(S19*R19*(1-U19)),IF(H19<N19,(S19*R19*(0-U19)),S19*R19*(0.5-U19))),0) -> -53 | W19: =-1*V19 -> 53 | AA19: =IF($D19=AA$1,$E19+$V19,(IF($J19=AA$1,$K19+$W19,AA18))) -> 1543 | AB19: =IF($D19=AB$1,$E19+$V19,(IF($J19=AB$1,$K19+$W19,AB18))) -> 605 | AC19: =IF($D19=AC$1,$E19+$V19,(IF($J19=AC$1,$K19+$W19,AC18))) -> 1440 | AD19: =IF($D19=AD$1,$E19+$V19,(IF($J19=AD$1,$K19+$W19,AD18))) -> 375 | AE19: =IF($D19=AE$1,$E19+$V19,(IF($J19=AE$1,$K19+$W19,AE18))) -> 2258 | AF19: =IF($D19=AF$1,$E19+$V19,(IF($J19=AF$1,$K19+$W19,AF18))) -> 2257 | AG19: =IF($D19=AG$1,$E19+$V19,(IF($J19=AG$1,$K19+$W19,AG18))) -> 1160 | AH19: =IF($D19=AH$1,$E19+$V19,(IF($J19=AH$1,$K19+$W19,AH18))) -> 1089 | ... BL19: =IF($D19=BL$1,$E19+$V19,(IF($J19=BL$1,$K19+$W19,BL18))) -> 852
A20: 45689 | B20: League | D20: Kildare | E20: =HLOOKUP(D20,AA$1:CB$10081,ROW()-1,FALSE) -> 1340 | F20: 2 | G20: 28 | H20: =F20*3+G20 -> 34 | J20: Kerry | K20: =HLOOKUP(J20,AA$1:CB$10081,ROW()-1,FALSE) -> 1331 | L20: 0 | M20: 17 | N20: =L20*3+M20 -> 17 | P20: Y | R20: =MIN(Rules!$E$2,(MAX(H20/N20,N20/H20))) -> 2 | S20: =VLOOKUP(B20,Rules!A:B,2,FALSE) -> 40 | U20: =1/(10^(-(E20+(IF(P20="Y",Rules!$I$2,0))-K20)/Rules!$E$12)+1) -> 0.6752927 | V20: =ROUND(IF(H20>N20,(S20*R20*(1-U20)),IF(H20<N20,(S20*R20*(0-U20)),S20*R20*(0.5-U20))),0) -> 26 | W20: =-1*V20 -> -26 | AA20: =IF($D20=AA$1,$E20+$V20,(IF($J20=AA$1,$K20+$W20,AA19))) -> 1543 | AB20: =IF($D20=AB$1,$E20+$V20,(IF($J20=AB$1,$K20+$W20,AB19))) -> 605 | AC20: =IF($D20=AC$1,$E20+$V20,(IF($J20=AC$1,$K20+$W20,AC19))) -> 1440 | AD20: =IF($D20=AD$1,$E20+$V20,(IF($J20=AD$1,$K20+$W20,AD19))) -> 375 | AE20: =IF($D20=AE$1,$E20+$V20,(IF($J20=AE$1,$K20+$W20,AE19))) -> 2258 | AF20: =IF($D20=AF$1,$E20+$V20,(IF($J20=AF$1,$K20+$W20,AF19))) -> 2257 | AG20: =IF($D20=AG$1,$E20+$V20,(IF($J20=AG$1,$K20+$W20,AG19))) -> 1160 | AH20: =IF($D20=AH$1,$E20+$V20,(IF($J20=AH$1,$K20+$W20,AH19))) -> 1089 | ... BL20: =IF($D20=BL$1,$E20+$V20,(IF($J20=BL$1,$K20+$W20,BL19))) -> 852
A21: 45689 | B21: League | D21: Cavan | E21: =HLOOKUP(D21,AA$1:CB$10081,ROW()-1,FALSE) -> 375 | F21: 1 | G21: 17 | H21: =F21*3+G21 -> 20 | J21: Sligo | K21: =HLOOKUP(J21,AA$1:CB$10081,ROW()-1,FALSE) -> 686 | L21: 1 | M21: 12 | N21: =L21*3+M21 -> 15 | P21: Y | R21: =MIN(Rules!$E$2,(MAX(H21/N21,N21/H21))) -> 1.3333333 | S21: =VLOOKUP(B21,Rules!A:B,2,FALSE) -> 40 | U21: =1/(10^(-(E21+(IF(P21="Y",Rules!$I$2,0))-K21)/Rules!$E$12)+1) -> 0.322691 | V21: =ROUND(IF(H21>N21,(S21*R21*(1-U21)),IF(H21<N21,(S21*R21*(0-U21)),S21*R21*(0.5-U21))),0) -> 36 | W21: =-1*V21 -> -36 | AA21: =IF($D21=AA$1,$E21+$V21,(IF($J21=AA$1,$K21+$W21,AA20))) -> 1543 | AB21: =IF($D21=AB$1,$E21+$V21,(IF($J21=AB$1,$K21+$W21,AB20))) -> 605 | AC21: =IF($D21=AC$1,$E21+$V21,(IF($J21=AC$1,$K21+$W21,AC20))) -> 1440 | AD21: =IF($D21=AD$1,$E21+$V21,(IF($J21=AD$1,$K21+$W21,AD20))) -> 411 | AE21: =IF($D21=AE$1,$E21+$V21,(IF($J21=AE$1,$K21+$W21,AE20))) -> 2258 | AF21: =IF($D21=AF$1,$E21+$V21,(IF($J21=AF$1,$K21+$W21,AF20))) -> 2257 | AG21: =IF($D21=AG$1,$E21+$V21,(IF($J21=AG$1,$K21+$W21,AG20))) -> 1160 | AH21: =IF($D21=AH$1,$E21+$V21,(IF($J21=AH$1,$K21+$W21,AH20))) -> 1089 | ... BL21: =IF($D21=BL$1,$E21+$V21,(IF($J21=BL$1,$K21+$W21,BL20))) -> 852
A22: 45689 | B22: League | D22: Wicklow | E22: =HLOOKUP(D22,AA$1:CB$10081,ROW()-1,FALSE) -> 852 | F22: 1 | G22: 17 | H22: =F22*3+G22 -> 20 | J22: London | K22: =HLOOKUP(J22,AA$1:CB$10081,ROW()-1,FALSE) -> 935 | L22: 1 | M22: 18 | N22: =L22*3+M22 -> 21 | P22: Y | R22: =MIN(Rules!$E$2,(MAX(H22/N22,N22/H22))) -> 1.05 | S22: =VLOOKUP(B22,Rules!A:B,2,FALSE) -> 40 | U22: =1/(10^(-(E22+(IF(P22="Y",Rules!$I$2,0))-K22)/Rules!$E$12)+1) -> 0.57653041 | V22: =ROUND(IF(H22>N22,(S22*R22*(1-U22)),IF(H22<N22,(S22*R22*(0-U22)),S22*R22*(0.5-U22))),0) -> -24 | W22: =-1*V22 -> 24 | AA22: =IF($D22=AA$1,$E22+$V22,(IF($J22=AA$1,$K22+$W22,AA21))) -> 1543 | AB22: =IF($D22=AB$1,$E22+$V22,(IF($J22=AB$1,$K22+$W22,AB21))) -> 605 | AC22: =IF($D22=AC$1,$E22+$V22,(IF($J22=AC$1,$K22+$W22,AC21))) -> 1440 | AD22: =IF($D22=AD$1,$E22+$V22,(IF($J22=AD$1,$K22+$W22,AD21))) -> 411 | AE22: =IF($D22=AE$1,$E22+$V22,(IF($J22=AE$1,$K22+$W22,AE21))) -> 2258 | AF22: =IF($D22=AF$1,$E22+$V22,(IF($J22=AF$1,$K22+$W22,AF21))) -> 2257 | AG22: =IF($D22=AG$1,$E22+$V22,(IF($J22=AG$1,$K22+$W22,AG21))) -> 1160 | AH22: =IF($D22=AH$1,$E22+$V22,(IF($J22=AH$1,$K22+$W22,AH21))) -> 1089 | ... BL22: =IF($D22=BL$1,$E22+$V22,(IF($J22=BL$1,$K22+$W22,BL21))) -> 828
A23: 45689 | B23: League | D23: Monaghan | E23: =HLOOKUP(D23,AA$1:CB$10081,ROW()-1,FALSE) -> 413 | F23: 0 | G23: 11 | H23: =F23*3+G23 -> 11 | J23: Louth | K23: =HLOOKUP(J23,AA$1:CB$10081,ROW()-1,FALSE) -> 466 | L23: 2 | M23: 23 | N23: =L23*3+M23 -> 29 | P23: Y | R23: =MIN(Rules!$E$2,(MAX(H23/N23,N23/H23))) -> 2 | S23: =VLOOKUP(B23,Rules!A:B,2,FALSE) -> 40 | U23: =1/(10^(-(E23+(IF(P23="Y",Rules!$I$2,0))-K23)/Rules!$E$12)+1) -> 0.6098547 | V23: =ROUND(IF(H23>N23,(S23*R23*(1-U23)),IF(H23<N23,(S23*R23*(0-U23)),S23*R23*(0.5-U23))),0) -> -49 | W23: =-1*V23 -> 49 | AA23: =IF($D23=AA$1,$E23+$V23,(IF($J23=AA$1,$K23+$W23,AA22))) -> 1543 | AB23: =IF($D23=AB$1,$E23+$V23,(IF($J23=AB$1,$K23+$W23,AB22))) -> 605 | AC23: =IF($D23=AC$1,$E23+$V23,(IF($J23=AC$1,$K23+$W23,AC22))) -> 1440 | AD23: =IF($D23=AD$1,$E23+$V23,(IF($J23=AD$1,$K23+$W23,AD22))) -> 411 | AE23: =IF($D23=AE$1,$E23+$V23,(IF($J23=AE$1,$K23+$W23,AE22))) -> 2258 | AF23: =IF($D23=AF$1,$E23+$V23,(IF($J23=AF$1,$K23+$W23,AF22))) -> 2257 | AG23: =IF($D23=AG$1,$E23+$V23,(IF($J23=AG$1,$K23+$W23,AG22))) -> 1160 | AH23: =IF($D23=AH$1,$E23+$V23,(IF($J23=AH$1,$K23+$W23,AH22))) -> 1089 | ... BL23: =IF($D23=BL$1,$E23+$V23,(IF($J23=BL$1,$K23+$W23,BL22))) -> 828
A24: 45690 | B24: League | D24: Tipperary | E24: =HLOOKUP(D24,AA$1:CB$10081,ROW()-1,FALSE) -> 2005 | F24: 1 | G24: 22 | H24: =F24*3+G24 -> 25 | J24: Wexford | K24: =HLOOKUP(J24,AA$1:CB$10081,ROW()-1,FALSE) -> 1921 | L24: 0 | M24: 19 | N24: =L24*3+M24 -> 19 | P24: Y | R24: =MIN(Rules!$E$2,(MAX(H24/N24,N24/H24))) -> 1.3157895 | S24: =VLOOKUP(B24,Rules!A:B,2,FALSE) -> 40 | U24: =1/(10^(-(E24+(IF(P24="Y",Rules!$I$2,0))-K24)/Rules!$E$12)+1) -> 0.7460414 | V24: =ROUND(IF(H24>N24,(S24*R24*(1-U24)),IF(H24<N24,(S24*R24*(0-U24)),S24*R24*(0.5-U24))),0) -> 13 | W24: =-1*V24 -> -13 | AA24: =IF($D24=AA$1,$E24+$V24,(IF($J24=AA$1,$K24+$W24,AA23))) -> 1543 | AB24: =IF($D24=AB$1,$E24+$V24,(IF($J24=AB$1,$K24+$W24,AB23))) -> 605 | AC24: =IF($D24=AC$1,$E24+$V24,(IF($J24=AC$1,$K24+$W24,AC23))) -> 1440 | AD24: =IF($D24=AD$1,$E24+$V24,(IF($J24=AD$1,$K24+$W24,AD23))) -> 411 | AE24: =IF($D24=AE$1,$E24+$V24,(IF($J24=AE$1,$K24+$W24,AE23))) -> 2258 | AF24: =IF($D24=AF$1,$E24+$V24,(IF($J24=AF$1,$K24+$W24,AF23))) -> 2257 | AG24: =IF($D24=AG$1,$E24+$V24,(IF($J24=AG$1,$K24+$W24,AG23))) -> 1160 | AH24: =IF($D24=AH$1,$E24+$V24,(IF($J24=AH$1,$K24+$W24,AH23))) -> 1089 | ... BL24: =IF($D24=BL$1,$E24+$V24,(IF($J24=BL$1,$K24+$W24,BL23))) -> 828
A25: 45690 | B25: League | D25: Kilkenny | E25: =HLOOKUP(D25,AA$1:CB$10081,ROW()-1,FALSE) -> 2151 | F25: 1 | G25: 19 | H25: =F25*3+G25 -> 22 | J25: Galway | K25: =HLOOKUP(J25,AA$1:CB$10081,ROW()-1,FALSE) -> 1980 | L25: 2 | M25: 19 | N25: =L25*3+M25 -> 25 | P25: Y | R25: =MIN(Rules!$E$2,(MAX(H25/N25,N25/H25))) -> 1.1363636 | S25: =VLOOKUP(B25,Rules!A:B,2,FALSE) -> 40 | U25: =1/(10^(-(E25+(IF(P25="Y",Rules!$I$2,0))-K25)/Rules!$E$12)+1) -> 0.81430956 | V25: =ROUND(IF(H25>N25,(S25*R25*(1-U25)),IF(H25<N25,(S25*R25*(0-U25)),S25*R25*(0.5-U25))),0) -> -37 | W25: =-1*V25 -> 37 | AA25: =IF($D25=AA$1,$E25+$V25,(IF($J25=AA$1,$K25+$W25,AA24))) -> 1543 | AB25: =IF($D25=AB$1,$E25+$V25,(IF($J25=AB$1,$K25+$W25,AB24))) -> 605 | AC25: =IF($D25=AC$1,$E25+$V25,(IF($J25=AC$1,$K25+$W25,AC24))) -> 1440 | AD25: =IF($D25=AD$1,$E25+$V25,(IF($J25=AD$1,$K25+$W25,AD24))) -> 411 | AE25: =IF($D25=AE$1,$E25+$V25,(IF($J25=AE$1,$K25+$W25,AE24))) -> 2258 | AF25: =IF($D25=AF$1,$E25+$V25,(IF($J25=AF$1,$K25+$W25,AF24))) -> 2257 | AG25: =IF($D25=AG$1,$E25+$V25,(IF($J25=AG$1,$K25+$W25,AG24))) -> 1160 | AH25: =IF($D25=AH$1,$E25+$V25,(IF($J25=AH$1,$K25+$W25,AH24))) -> 1089 | ... BL25: =IF($D25=BL$1,$E25+$V25,(IF($J25=BL$1,$K25+$W25,BL24))) -> 828
A26: 45690 | B26: League | D26: Antrim | E26: =HLOOKUP(D26,AA$1:CB$10081,ROW()-1,FALSE) -> 1543 | F26: 2 | G26: 25 | H26: =F26*3+G26 -> 31 | J26: Westmeath | K26: =HLOOKUP(J26,AA$1:CB$10081,ROW()-1,FALSE) -> 1472 | L26: 1 | M26: 19 | N26: =L26*3+M26 -> 22 | P26: Y | R26: =MIN(Rules!$E$2,(MAX(H26/N26,N26/H26))) -> 1.4090909 | S26: =VLOOKUP(B26,Rules!A:B,2,FALSE) -> 40 | U26: =1/(10^(-(E26+(IF(P26="Y",Rules!$I$2,0))-K26)/Rules!$E$12)+1) -> 0.73453265 | V26: =ROUND(IF(H26>N26,(S26*R26*(1-U26)),IF(H26<N26,(S26*R26*(0-U26)),S26*R26*(0.5-U26))),0) -> 15 | W26: =-1*V26 -> -15 | AA26: =IF($D26=AA$1,$E26+$V26,(IF($J26=AA$1,$K26+$W26,AA25))) -> 1558 | AB26: =IF($D26=AB$1,$E26+$V26,(IF($J26=AB$1,$K26+$W26,AB25))) -> 605 | AC26: =IF($D26=AC$1,$E26+$V26,(IF($J26=AC$1,$K26+$W26,AC25))) -> 1440 | AD26: =IF($D26=AD$1,$E26+$V26,(IF($J26=AD$1,$K26+$W26,AD25))) -> 411 | AE26: =IF($D26=AE$1,$E26+$V26,(IF($J26=AE$1,$K26+$W26,AE25))) -> 2258 | AF26: =IF($D26=AF$1,$E26+$V26,(IF($J26=AF$1,$K26+$W26,AF25))) -> 2257 | AG26: =IF($D26=AG$1,$E26+$V26,(IF($J26=AG$1,$K26+$W26,AG25))) -> 1160 | AH26: =IF($D26=AH$1,$E26+$V26,(IF($J26=AH$1,$K26+$W26,AH25))) -> 1089 | ... BL26: =IF($D26=BL$1,$E26+$V26,(IF($J26=BL$1,$K26+$W26,BL25))) -> 828
A27: 45690 | B27: League | D27: Laois | E27: =HLOOKUP(D27,AA$1:CB$10081,ROW()-1,FALSE) -> 1563 | F27: 1 | G27: 15 | H27: =F27*3+G27 -> 18 | J27: Offaly | K27: =HLOOKUP(J27,AA$1:CB$10081,ROW()-1,FALSE) -> 1580 | L27: 1 | M27: 24 | N27: =L27*3+M27 -> 27 | P27: Y | R27: =MIN(Rules!$E$2,(MAX(H27/N27,N27/H27))) -> 1.5 | S27: =VLOOKUP(B27,Rules!A:B,2,FALSE) -> 40 | U27: =1/(10^(-(E27+(IF(P27="Y",Rules!$I$2,0))-K27)/Rules!$E$12)+1) -> 0.64850806 | V27: =ROUND(IF(H27>N27,(S27*R27*(1-U27)),IF(H27<N27,(S27*R27*(0-U27)),S27*R27*(0.5-U27))),0) -> -39 | W27: =-1*V27 -> 39 | AA27: =IF($D27=AA$1,$E27+$V27,(IF($J27=AA$1,$K27+$W27,AA26))) -> 1558 | AB27: =IF($D27=AB$1,$E27+$V27,(IF($J27=AB$1,$K27+$W27,AB26))) -> 605 | AC27: =IF($D27=AC$1,$E27+$V27,(IF($J27=AC$1,$K27+$W27,AC26))) -> 1440 | AD27: =IF($D27=AD$1,$E27+$V27,(IF($J27=AD$1,$K27+$W27,AD26))) -> 411 | AE27: =IF($D27=AE$1,$E27+$V27,(IF($J27=AE$1,$K27+$W27,AE26))) -> 2258 | AF27: =IF($D27=AF$1,$E27+$V27,(IF($J27=AF$1,$K27+$W27,AF26))) -> 2257 | AG27: =IF($D27=AG$1,$E27+$V27,(IF($J27=AG$1,$K27+$W27,AG26))) -> 1160 | AH27: =IF($D27=AH$1,$E27+$V27,(IF($J27=AH$1,$K27+$W27,AH26))) -> 1089 | ... BL27: =IF($D27=BL$1,$E27+$V27,(IF($J27=BL$1,$K27+$W27,BL26))) -> 828
A28: 45690 | B28: League | D28: Carlow | E28: =HLOOKUP(D28,AA$1:CB$10081,ROW()-1,FALSE) -> 1440 | F28: 2 | G28: 21 | H28: =F28*3+G28 -> 27 | J28: Waterford | K28: =HLOOKUP(J28,AA$1:CB$10081,ROW()-1,FALSE) -> 1920 | L28: 1 | M28: 19 | N28: =L28*3+M28 -> 22 | P28: Y | R28: =MIN(Rules!$E$2,(MAX(H28/N28,N28/H28))) -> 1.2272727 | S28: =VLOOKUP(B28,Rules!A:B,2,FALSE) -> 40 | U28: =1/(10^(-(E28+(IF(P28="Y",Rules!$I$2,0))-K28)/Rules!$E$12)+1) -> 0.17950479 | V28: =ROUND(IF(H28>N28,(S28*R28*(1-U28)),IF(H28<N28,(S28*R28*(0-U28)),S28*R28*(0.5-U28))),0) -> 40 | W28: =-1*V28 -> -40 | AA28: =IF($D28=AA$1,$E28+$V28,(IF($J28=AA$1,$K28+$W28,AA27))) -> 1558 | AB28: =IF($D28=AB$1,$E28+$V28,(IF($J28=AB$1,$K28+$W28,AB27))) -> 605 | AC28: =IF($D28=AC$1,$E28+$V28,(IF($J28=AC$1,$K28+$W28,AC27))) -> 1480 | AD28: =IF($D28=AD$1,$E28+$V28,(IF($J28=AD$1,$K28+$W28,AD27))) -> 411 | AE28: =IF($D28=AE$1,$E28+$V28,(IF($J28=AE$1,$K28+$W28,AE27))) -> 2258 | AF28: =IF($D28=AF$1,$E28+$V28,(IF($J28=AF$1,$K28+$W28,AF27))) -> 2257 | AG28: =IF($D28=AG$1,$E28+$V28,(IF($J28=AG$1,$K28+$W28,AG27))) -> 1160 | AH28: =IF($D28=AH$1,$E28+$V28,(IF($J28=AH$1,$K28+$W28,AH27))) -> 1089 | ... BL28: =IF($D28=BL$1,$E28+$V28,(IF($J28=BL$1,$K28+$W28,BL27))) -> 828
... A145: 45787 | B145: Provincial | D145: Clare | E145: =HLOOKUP(D145,AA$1:CB$10081,ROW()-1,FALSE) -> 2096 | F145: 2 | G145: 21 | H145: =F145*3+G145 -> 27 | J145: Tipperary | K145: =HLOOKUP(J145,AA$1:CB$10081,ROW()-1,FALSE) -> 2075 | L145: 4 | M145: 18 | N145: =L145*3+M145 -> 30 | P145: Y | R145: =MIN(Rules!$E$2,(MAX(H145/N145,N145/H145))) -> 1.1111111 | S145: =VLOOKUP(B145,Rules!A:B,2,FALSE) -> 60 | U145: =1/(10^(-(E145+(IF(P145="Y",Rules!$I$2,0))-K145)/Rules!$E$12)+1) -> 0.68729086 | V145: =ROUND(IF(H145>N145,(S145*R145*(1-U145)),IF(H145<N145,(S145*R145*(0-U145)),S145*R145*(0.5-U145))),0) -> -46 | W145: =-1*V145 -> 46 | AA145: =IF($D145=AA$1,$E145+$V145,(IF($J145=AA$1,$K145+$W145,AA144))) -> 1525 | AB145: =IF($D145=AB$1,$E145+$V145,(IF($J145=AB$1,$K145+$W145,AB144))) -> 585 | AC145: =IF($D145=AC$1,$E145+$V145,(IF($J145=AC$1,$K145+$W145,AC144))) -> 1536 | AD145: =IF($D145=AD$1,$E145+$V145,(IF($J145=AD$1,$K145+$W145,AD144))) -> 489 | AE145: =IF($D145=AE$1,$E145+$V145,(IF($J145=AE$1,$K145+$W145,AE144))) -> 2050 | AF145: =IF($D145=AF$1,$E145+$V145,(IF($J145=AF$1,$K145+$W145,AF144))) -> 2308 | AG145: =IF($D145=AG$1,$E145+$V145,(IF($J145=AG$1,$K145+$W145,AG144))) -> 1181 | AH145: =IF($D145=AH$1,$E145+$V145,(IF($J145=AH$1,$K145+$W145,AH144))) -> 1042 | ... BL145: =IF($D145=BL$1,$E145+$V145,(IF($J145=BL$1,$K145+$W145,BL144))) -> 872
A146: 45787 | B146: Provincial | D146: Kilkenny | E146: =HLOOKUP(D146,AA$1:CB$10081,ROW()-1,FALSE) -> 2167 | F146: 4 | G146: 25 | H146: =F146*3+G146 -> 37 | J146: Offaly | K146: =HLOOKUP(J146,AA$1:CB$10081,ROW()-1,FALSE) -> 1623 | L146: 2 | M146: 16 | N146: =L146*3+M146 -> 22 | P146: Y | R146: =MIN(Rules!$E$2,(MAX(H146/N146,N146/H146))) -> 1.6818182 | S146: =VLOOKUP(B146,Rules!A:B,2,FALSE) -> 60 | U146: =1/(10^(-(E146+(IF(P146="Y",Rules!$I$2,0))-K146)/Rules!$E$12)+1) -> 0.96068302 | V146: =ROUND(IF(H146>N146,(S146*R146*(1-U146)),IF(H146<N146,(S146*R146*(0-U146)),S146*R146*(0.5-U146))),0) -> 4 | W146: =-1*V146 -> -4 | AA146: =IF($D146=AA$1,$E146+$V146,(IF($J146=AA$1,$K146+$W146,AA144))) -> 1525 | AB146: =IF($D146=AB$1,$E146+$V146,(IF($J146=AB$1,$K146+$W146,AB144))) -> 585 | AC146: =IF($D146=AC$1,$E146+$V146,(IF($J146=AC$1,$K146+$W146,AC144))) -> 1536 | AD146: =IF($D146=AD$1,$E146+$V146,(IF($J146=AD$1,$K146+$W146,AD144))) -> 489 | AE146: =IF($D146=AE$1,$E146+$V146,(IF($J146=AE$1,$K146+$W146,AE144))) -> 2096 | AF146: =IF($D146=AF$1,$E146+$V146,(IF($J146=AF$1,$K146+$W146,AF144))) -> 2308 | AG146: =IF($D146=AG$1,$E146+$V146,(IF($J146=AG$1,$K146+$W146,AG144))) -> 1181 | AH146: =IF($D146=AH$1,$E146+$V146,(IF($J146=AH$1,$K146+$W146,AH144))) -> 1042 | ... BL146: =IF($D146=BL$1,$E146+$V146,(IF($J146=BL$1,$K146+$W146,BL144))) -> 872
A147: 45787 | B147: Provincial | D147: Antrim | E147: =HLOOKUP(D147,AA$1:CB$10081,ROW()-1,FALSE) -> 1525 | F147: 0 | G147: 19 | H147: =F147*3+G147 -> 19 | J147: Dublin | K147: =HLOOKUP(J147,AA$1:CB$10081,ROW()-1,FALSE) -> 1906 | L147: 3 | M147: 25 | N147: =L147*3+M147 -> 34 | P147: Y | R147: =MIN(Rules!$E$2,(MAX(H147/N147,N147/H147))) -> 1.7894737 | S147: =VLOOKUP(B147,Rules!A:B,2,FALSE) -> 60 | U147: =1/(10^(-(E147+(IF(P147="Y",Rules!$I$2,0))-K147)/Rules!$E$12)+1) -> 0.25658502 | V147: =ROUND(IF(H147>N147,(S147*R147*(1-U147)),IF(H147<N147,(S147*R147*(0-U147)),S147*R147*(0.5-U147))),0) -> -28 | W147: =-1*V147 -> 28 | AA147: =IF($D147=AA$1,$E147+$V147,(IF($J147=AA$1,$K147+$W147,AA146))) -> 1497 | AB147: =IF($D147=AB$1,$E147+$V147,(IF($J147=AB$1,$K147+$W147,AB146))) -> 585 | AC147: =IF($D147=AC$1,$E147+$V147,(IF($J147=AC$1,$K147+$W147,AC146))) -> 1536 | AD147: =IF($D147=AD$1,$E147+$V147,(IF($J147=AD$1,$K147+$W147,AD146))) -> 489 | AE147: =IF($D147=AE$1,$E147+$V147,(IF($J147=AE$1,$K147+$W147,AE146))) -> 2096 | AF147: =IF($D147=AF$1,$E147+$V147,(IF($J147=AF$1,$K147+$W147,AF146))) -> 2308 | AG147: =IF($D147=AG$1,$E147+$V147,(IF($J147=AG$1,$K147+$W147,AG146))) -> 1181 | AH147: =IF($D147=AH$1,$E147+$V147,(IF($J147=AH$1,$K147+$W147,AH146))) -> 1042 | ... BL147: =IF($D147=BL$1,$E147+$V147,(IF($J147=BL$1,$K147+$W147,BL146))) -> 872
A148: 45787 | B148: Provincial | D148: Galway | E148: =HLOOKUP(D148,AA$1:CB$10081,ROW()-1,FALSE) -> 2040 | F148: 1 | G148: 29 | H148: =F148*3+G148 -> 32 | J148: Wexford | K148: =HLOOKUP(J148,AA$1:CB$10081,ROW()-1,FALSE) -> 1954 | L148: 2 | M148: 16 | N148: =L148*3+M148 -> 22 | P148: Y | R148: =MIN(Rules!$E$2,(MAX(H148/N148,N148/H148))) -> 1.4545455 | S148: =VLOOKUP(B148,Rules!A:B,2,FALSE) -> 60 | U148: =1/(10^(-(E148+(IF(P148="Y",Rules!$I$2,0))-K148)/Rules!$E$12)+1) -> 0.74778246 | V148: =ROUND(IF(H148>N148,(S148*R148*(1-U148)),IF(H148<N148,(S148*R148*(0-U148)),S148*R148*(0.5-U148))),0) -> 22 | W148: =-1*V148 -> -22 | AA148: =IF($D148=AA$1,$E148+$V148,(IF($J148=AA$1,$K148+$W148,AA147))) -> 1497 | AB148: =IF($D148=AB$1,$E148+$V148,(IF($J148=AB$1,$K148+$W148,AB147))) -> 585 | AC148: =IF($D148=AC$1,$E148+$V148,(IF($J148=AC$1,$K148+$W148,AC147))) -> 1536 | AD148: =IF($D148=AD$1,$E148+$V148,(IF($J148=AD$1,$K148+$W148,AD147))) -> 489 | AE148: =IF($D148=AE$1,$E148+$V148,(IF($J148=AE$1,$K148+$W148,AE147))) -> 2096 | AF148: =IF($D148=AF$1,$E148+$V148,(IF($J148=AF$1,$K148+$W148,AF147))) -> 2308 | AG148: =IF($D148=AG$1,$E148+$V148,(IF($J148=AG$1,$K148+$W148,AG147))) -> 1181 | AH148: =IF($D148=AH$1,$E148+$V148,(IF($J148=AH$1,$K148+$W148,AH147))) -> 1042 | ... BL148: =IF($D148=BL$1,$E148+$V148,(IF($J148=BL$1,$K148+$W148,BL147))) -> 872
A149: 45787 | B149: Secondary | D149: Westmeath | E149: =HLOOKUP(D149,AA$1:CB$10081,ROW()-1,FALSE) -> 1407 | F149: 2 | G149: 24 | H149: =F149*3+G149 -> 30 | J149: Down | K149: =HLOOKUP(J149,AA$1:CB$10081,ROW()-1,FALSE) -> 1254 | L149: 0 | M149: 20 | N149: =L149*3+M149 -> 20 | P149: Y | R149: =MIN(Rules!$E$2,(MAX(H149/N149,N149/H149))) -> 1.5 | S149: =VLOOKUP(B149,Rules!A:B,2,FALSE) -> 50 | U149: =1/(10^(-(E149+(IF(P149="Y",Rules!$I$2,0))-K149)/Rules!$E$12)+1) -> 0.8014476 | V149: =ROUND(IF(H149>N149,(S149*R149*(1-U149)),IF(H149<N149,(S149*R149*(0-U149)),S149*R149*(0.5-U149))),0) -> 15 | W149: =-1*V149 -> -15 | AA149: =IF($D149=AA$1,$E149+$V149,(IF($J149=AA$1,$K149+$W149,AA148))) -> 1497 | AB149: =IF($D149=AB$1,$E149+$V149,(IF($J149=AB$1,$K149+$W149,AB148))) -> 585 | AC149: =IF($D149=AC$1,$E149+$V149,(IF($J149=AC$1,$K149+$W149,AC148))) -> 1536 | AD149: =IF($D149=AD$1,$E149+$V149,(IF($J149=AD$1,$K149+$W149,AD148))) -> 489 | AE149: =IF($D149=AE$1,$E149+$V149,(IF($J149=AE$1,$K149+$W149,AE148))) -> 2096 | AF149: =IF($D149=AF$1,$E149+$V149,(IF($J149=AF$1,$K149+$W149,AF148))) -> 2308 | AG149: =IF($D149=AG$1,$E149+$V149,(IF($J149=AG$1,$K149+$W149,AG148))) -> 1181 | AH149: =IF($D149=AH$1,$E149+$V149,(IF($J149=AH$1,$K149+$W149,AH148))) -> 1042 | ... BL149: =IF($D149=BL$1,$E149+$V149,(IF($J149=BL$1,$K149+$W149,BL148))) -> 872
A150: 45787 | B150: Secondary | D150: Carlow | E150: =HLOOKUP(D150,AA$1:CB$10081,ROW()-1,FALSE) -> 1536 | F150: 1 | G150: 20 | H150: =F150*3+G150 -> 23 | J150: Kildare | K150: =HLOOKUP(J150,AA$1:CB$10081,ROW()-1,FALSE) -> 1381 | L150: 2 | M150: 23 | N150: =L150*3+M150 -> 29 | P150: Y | R150: =MIN(Rules!$E$2,(MAX(H150/N150,N150/H150))) -> 1.2608696 | S150: =VLOOKUP(B150,Rules!A:B,2,FALSE) -> 50 | U150: =1/(10^(-(E150+(IF(P150="Y",Rules!$I$2,0))-K150)/Rules!$E$12)+1) -> 0.80290917 | V150: =ROUND(IF(H150>N150,(S150*R150*(1-U150)),IF(H150<N150,(S150*R150*(0-U150)),S150*R150*(0.5-U150))),0) -> -51 | W150: =-1*V150 -> 51 | AA150: =IF($D150=AA$1,$E150+$V150,(IF($J150=AA$1,$K150+$W150,AA149))) -> 1497 | AB150: =IF($D150=AB$1,$E150+$V150,(IF($J150=AB$1,$K150+$W150,AB149))) -> 585 | AC150: =IF($D150=AC$1,$E150+$V150,(IF($J150=AC$1,$K150+$W150,AC149))) -> 1485 | AD150: =IF($D150=AD$1,$E150+$V150,(IF($J150=AD$1,$K150+$W150,AD149))) -> 489 | AE150: =IF($D150=AE$1,$E150+$V150,(IF($J150=AE$1,$K150+$W150,AE149))) -> 2096 | AF150: =IF($D150=AF$1,$E150+$V150,(IF($J150=AF$1,$K150+$W150,AF149))) -> 2308 | AG150: =IF($D150=AG$1,$E150+$V150,(IF($J150=AG$1,$K150+$W150,AG149))) -> 1181 | AH150: =IF($D150=AH$1,$E150+$V150,(IF($J150=AH$1,$K150+$W150,AH149))) -> 1042 | ... BL150: =IF($D150=BL$1,$E150+$V150,(IF($J150=BL$1,$K150+$W150,BL149))) -> 872
A151: 45787 | B151: Secondary | D151: Wicklow | E151: =HLOOKUP(D151,AA$1:CB$10081,ROW()-1,FALSE) -> 872 | F151: 3 | G151: 17 | H151: =F151*3+G151 -> 26 | J151: Meath | K151: =HLOOKUP(J151,AA$1:CB$10081,ROW()-1,FALSE) -> 1105 | L151: 0 | M151: 16 | N151: =L151*3+M151 -> 16 | P151: Y | R151: =MIN(Rules!$E$2,(MAX(H151/N151,N151/H151))) -> 1.625 | S151: =VLOOKUP(B151,Rules!A:B,2,FALSE) -> 50 | U151: =1/(10^(-(E151+(IF(P151="Y",Rules!$I$2,0))-K151)/Rules!$E$12)+1) -> 0.40558937 | V151: =ROUND(IF(H151>N151,(S151*R151*(1-U151)),IF(H151<N151,(S151*R151*(0-U151)),S151*R151*(0.5-U151))),0) -> 48 | W151: =-1*V151 -> -48 | AA151: =IF($D151=AA$1,$E151+$V151,(IF($J151=AA$1,$K151+$W151,AA150))) -> 1497 | AB151: =IF($D151=AB$1,$E151+$V151,(IF($J151=AB$1,$K151+$W151,AB150))) -> 585 | AC151: =IF($D151=AC$1,$E151+$V151,(IF($J151=AC$1,$K151+$W151,AC150))) -> 1485 | AD151: =IF($D151=AD$1,$E151+$V151,(IF($J151=AD$1,$K151+$W151,AD150))) -> 489 | AE151: =IF($D151=AE$1,$E151+$V151,(IF($J151=AE$1,$K151+$W151,AE150))) -> 2096 | AF151: =IF($D151=AF$1,$E151+$V151,(IF($J151=AF$1,$K151+$W151,AF150))) -> 2308 | AG151: =IF($D151=AG$1,$E151+$V151,(IF($J151=AG$1,$K151+$W151,AG150))) -> 1181 | AH151: =IF($D151=AH$1,$E151+$V151,(IF($J151=AH$1,$K151+$W151,AH150))) -> 1042 | ... BL151: =IF($D151=BL$1,$E151+$V151,(IF($J151=BL$1,$K151+$W151,BL150))) -> 920
A152: 45787 | B152: Secondary | D152: Tyrone | E152: =HLOOKUP(D152,AA$1:CB$10081,ROW()-1,FALSE) -> 742 | F152: 0 | G152: 11 | H152: =F152*3+G152 -> 11 | J152: Derry | K152: =HLOOKUP(J152,AA$1:CB$10081,ROW()-1,FALSE) -> 1181 | L152: 1 | M152: 30 | N152: =L152*3+M152 -> 33 | P152: Y | R152: =MIN(Rules!$E$2,(MAX(H152/N152,N152/H152))) -> 2 | S152: =VLOOKUP(B152,Rules!A:B,2,FALSE) -> 50 | U152: =1/(10^(-(E152+(IF(P152="Y",Rules!$I$2,0))-K152)/Rules!$E$12)+1) -> 0.2090115 | V152: =ROUND(IF(H152>N152,(S152*R152*(1-U152)),IF(H152<N152,(S152*R152*(0-U152)),S152*R152*(0.5-U152))),0) -> -21 | W152: =-1*V152 -> 21 | AA152: =IF($D152=AA$1,$E152+$V152,(IF($J152=AA$1,$K152+$W152,AA151))) -> 1497 | AB152: =IF($D152=AB$1,$E152+$V152,(IF($J152=AB$1,$K152+$W152,AB151))) -> 585 | AC152: =IF($D152=AC$1,$E152+$V152,(IF($J152=AC$1,$K152+$W152,AC151))) -> 1485 | AD152: =IF($D152=AD$1,$E152+$V152,(IF($J152=AD$1,$K152+$W152,AD151))) -> 489 | AE152: =IF($D152=AE$1,$E152+$V152,(IF($J152=AE$1,$K152+$W152,AE151))) -> 2096 | AF152: =IF($D152=AF$1,$E152+$V152,(IF($J152=AF$1,$K152+$W152,AF151))) -> 2308 | AG152: =IF($D152=AG$1,$E152+$V152,(IF($J152=AG$1,$K152+$W152,AG151))) -> 1202 | AH152: =IF($D152=AH$1,$E152+$V152,(IF($J152=AH$1,$K152+$W152,AH151))) -> 1042 | ... BL152: =IF($D152=BL$1,$E152+$V152,(IF($J152=BL$1,$K152+$W152,BL151))) -> 920
A153: 45787 | B153: Secondary | D153: Donegal | E153: =HLOOKUP(D153,AA$1:CB$10081,ROW()-1,FALSE) -> 1042 | F153: 1 | G153: 15 | H153: =F153*3+G153 -> 18 | J153: London | K153: =HLOOKUP(J153,AA$1:CB$10081,ROW()-1,FALSE) -> 1015 | L153: 2 | M153: 19 | N153: =L153*3+M153 -> 25 | P153: Y | R153: =MIN(Rules!$E$2,(MAX(H153/N153,N153/H153))) -> 1.3888889 | S153: =VLOOKUP(B153,Rules!A:B,2,FALSE) -> 50 | U153: =1/(10^(-(E153+(IF(P153="Y",Rules!$I$2,0))-K153)/Rules!$E$12)+1) -> 0.69319843 | V153: =ROUND(IF(H153>N153,(S153*R153*(1-U153)),IF(H153<N153,(S153*R153*(0-U153)),S153*R153*(0.5-U153))),0) -> -48 | W153: =-1*V153 -> 48 | AA153: =IF($D153=AA$1,$E153+$V153,(IF($J153=AA$1,$K153+$W153,AA152))) -> 1497 | AB153: =IF($D153=AB$1,$E153+$V153,(IF($J153=AB$1,$K153+$W153,AB152))) -> 585 | AC153: =IF($D153=AC$1,$E153+$V153,(IF($J153=AC$1,$K153+$W153,AC152))) -> 1485 | AD153: =IF($D153=AD$1,$E153+$V153,(IF($J153=AD$1,$K153+$W153,AD152))) -> 489 | AE153: =IF($D153=AE$1,$E153+$V153,(IF($J153=AE$1,$K153+$W153,AE152))) -> 2096 | AF153: =IF($D153=AF$1,$E153+$V153,(IF($J153=AF$1,$K153+$W153,AF152))) -> 2308 | AG153: =IF($D153=AG$1,$E153+$V153,(IF($J153=AG$1,$K153+$W153,AG152))) -> 1202 | AH153: =IF($D153=AH$1,$E153+$V153,(IF($J153=AH$1,$K153+$W153,AH152))) -> 994 | ... BL153: =IF($D153=BL$1,$E153+$V153,(IF($J153=BL$1,$K153+$W153,BL152))) -> 920
A154: 45787 | B154: Secondary | D154: Mayo | E154: =HLOOKUP(D154,AA$1:CB$10081,ROW()-1,FALSE) -> 1030 | F154: 1 | G154: 32 | H154: =F154*3+G154 -> 35 | J154: Sligo | K154: =HLOOKUP(J154,AA$1:CB$10081,ROW()-1,FALSE) -> 657 | L154: 1 | M154: 17 | N154: =L154*3+M154 -> 20 | P154: Y | R154: =MIN(Rules!$E$2,(MAX(H154/N154,N154/H154))) -> 1.75 | S154: =VLOOKUP(B154,Rules!A:B,2,FALSE) -> 50 | U154: =1/(10^(-(E154+(IF(P154="Y",Rules!$I$2,0))-K154)/Rules!$E$12)+1) -> 0.91747348 | V154: =ROUND(IF(H154>N154,(S154*R154*(1-U154)),IF(H154<N154,(S154*R154*(0-U154)),S154*R154*(0.5-U154))),0) -> 7 | W154: =-1*V154 -> -7 | AA154: =IF($D154=AA$1,$E154+$V154,(IF($J154=AA$1,$K154+$W154,AA153))) -> 1497 | AB154: =IF($D154=AB$1,$E154+$V154,(IF($J154=AB$1,$K154+$W154,AB153))) -> 585 | AC154: =IF($D154=AC$1,$E154+$V154,(IF($J154=AC$1,$K154+$W154,AC153))) -> 1485 | AD154: =IF($D154=AD$1,$E154+$V154,(IF($J154=AD$1,$K154+$W154,AD153))) -> 489 | AE154: =IF($D154=AE$1,$E154+$V154,(IF($J154=AE$1,$K154+$W154,AE153))) -> 2096 | AF154: =IF($D154=AF$1,$E154+$V154,(IF($J154=AF$1,$K154+$W154,AF153))) -> 2308 | AG154: =IF($D154=AG$1,$E154+$V154,(IF($J154=AG$1,$K154+$W154,AG153))) -> 1202 | AH154: =IF($D154=AH$1,$E154+$V154,(IF($J154=AH$1,$K154+$W154,AH153))) -> 994 | ... BL154: =IF($D154=BL$1,$E154+$V154,(IF($J154=BL$1,$K154+$W154,BL153))) -> 920
A155: 45787 | B155: Secondary | D155: Armagh | E155: =HLOOKUP(D155,AA$1:CB$10081,ROW()-1,FALSE) -> 585 | F155: 2 | G155: 15 | H155: =F155*3+G155 -> 21 | J155: Louth | K155: =HLOOKUP(J155,AA$1:CB$10081,ROW()-1,FALSE) -> 575 | L155: 0 | M155: 19 | N155: =L155*3+M155 -> 19 | P155: Y | R155: =MIN(Rules!$E$2,(MAX(H155/N155,N155/H155))) -> 1.1052632 | S155: =VLOOKUP(B155,Rules!A:B,2,FALSE) -> 50 | U155: =1/(10^(-(E155+(IF(P155="Y",Rules!$I$2,0))-K155)/Rules!$E$12)+1) -> 0.67630167 | V155: =ROUND(IF(H155>N155,(S155*R155*(1-U155)),IF(H155<N155,(S155*R155*(0-U155)),S155*R155*(0.5-U155))),0) -> 18 | W155: =-1*V155 -> -18 | AA155: =IF($D155=AA$1,$E155+$V155,(IF($J155=AA$1,$K155+$W155,AA154))) -> 1497 | AB155: =IF($D155=AB$1,$E155+$V155,(IF($J155=AB$1,$K155+$W155,AB154))) -> 603 | AC155: =IF($D155=AC$1,$E155+$V155,(IF($J155=AC$1,$K155+$W155,AC154))) -> 1485 | AD155: =IF($D155=AD$1,$E155+$V155,(IF($J155=AD$1,$K155+$W155,AD154))) -> 489 | AE155: =IF($D155=AE$1,$E155+$V155,(IF($J155=AE$1,$K155+$W155,AE154))) -> 2096 | AF155: =IF($D155=AF$1,$E155+$V155,(IF($J155=AF$1,$K155+$W155,AF154))) -> 2308 | AG155: =IF($D155=AG$1,$E155+$V155,(IF($J155=AG$1,$K155+$W155,AG154))) -> 1202 | AH155: =IF($D155=AH$1,$E155+$V155,(IF($J155=AH$1,$K155+$W155,AH154))) -> 994 | ... BL155: =IF($D155=BL$1,$E155+$V155,(IF($J155=BL$1,$K155+$W155,BL154))) -> 920
A156: 45787 | B156: Secondary | D156: Longford | E156: =HLOOKUP(D156,AA$1:CB$10081,ROW()-1,FALSE) -> 406 | F156: 3 | G156: 17 | H156: =F156*3+G156 -> 26 | J156: Cavan | K156: =HLOOKUP(J156,AA$1:CB$10081,ROW()-1,FALSE) -> 489 | L156: 3 | M156: 29 | N156: =L156*3+M156 -> 38 | P156: Y | R156: =MIN(Rules!$E$2,(MAX(H156/N156,N156/H156))) -> 1.4615385 | S156: =VLOOKUP(B156,Rules!A:B,2,FALSE) -> 50 | U156: =1/(10^(-(E156+(IF(P156="Y",Rules!$I$2,0))-K156)/Rules!$E$12)+1) -> 0.57653041 | V156: =ROUND(IF(H156>N156,(S156*R156*(1-U156)),IF(H156<N156,(S156*R156*(0-U156)),S156*R156*(0.5-U156))),0) -> -42 | W156: =-1*V156 -> 42 | AA156: =IF($D156=AA$1,$E156+$V156,(IF($J156=AA$1,$K156+$W156,AA155))) -> 1497 | AB156: =IF($D156=AB$1,$E156+$V156,(IF($J156=AB$1,$K156+$W156,AB155))) -> 603 | AC156: =IF($D156=AC$1,$E156+$V156,(IF($J156=AC$1,$K156+$W156,AC155))) -> 1485 | AD156: =IF($D156=AD$1,$E156+$V156,(IF($J156=AD$1,$K156+$W156,AD155))) -> 531 | AE156: =IF($D156=AE$1,$E156+$V156,(IF($J156=AE$1,$K156+$W156,AE155))) -> 2096 | AF156: =IF($D156=AF$1,$E156+$V156,(IF($J156=AF$1,$K156+$W156,AF155))) -> 2308 | AG156: =IF($D156=AG$1,$E156+$V156,(IF($J156=AG$1,$K156+$W156,AG155))) -> 1202 | AH156: =IF($D156=AH$1,$E156+$V156,(IF($J156=AH$1,$K156+$W156,AH155))) -> 994 | ... BL156: =IF($D156=BL$1,$E156+$V156,(IF($J156=BL$1,$K156+$W156,BL155))) -> 920
A157: 45787 | B157: Secondary | D157: Lancashire | E157: =HLOOKUP(D157,AA$1:CB$10081,ROW()-1,FALSE) -> 62 | F157: 2 | G157: 14 | H157: =F157*3+G157 -> 20 | J157: Monaghan | K157: =HLOOKUP(J157,AA$1:CB$10081,ROW()-1,FALSE) -> 360 | L157: 4 | M157: 15 | N157: =L157*3+M157 -> 27 | P157: N | R157: =MIN(Rules!$E$2,(MAX(H157/N157,N157/H157))) -> 1.35 | S157: =VLOOKUP(B157,Rules!A:B,2,FALSE) -> 50 | U157: =1/(10^(-(E157+(IF(P157="Y",Rules!$I$2,0))-K157)/Rules!$E$12)+1) -> 0.20224193 | V157: =ROUND(IF(H157>N157,(S157*R157*(1-U157)),IF(H157<N157,(S157*R157*(0-U157)),S157*R157*(0.5-U157))),0) -> -14 | W157: =-1*V157 -> 14 | AA157: =IF($D157=AA$1,$E157+$V157,(IF($J157=AA$1,$K157+$W157,AA156))) -> 1497 | AB157: =IF($D157=AB$1,$E157+$V157,(IF($J157=AB$1,$K157+$W157,AB156))) -> 603 | AC157: =IF($D157=AC$1,$E157+$V157,(IF($J157=AC$1,$K157+$W157,AC156))) -> 1485 | AD157: =IF($D157=AD$1,$E157+$V157,(IF($J157=AD$1,$K157+$W157,AD156))) -> 531 | AE157: =IF($D157=AE$1,$E157+$V157,(IF($J157=AE$1,$K157+$W157,AE156))) -> 2096 | AF157: =IF($D157=AF$1,$E157+$V157,(IF($J157=AF$1,$K157+$W157,AF156))) -> 2308 | AG157: =IF($D157=AG$1,$E157+$V157,(IF($J157=AG$1,$K157+$W157,AG156))) -> 1202 | AH157: =IF($D157=AH$1,$E157+$V157,(IF($J157=AH$1,$K157+$W157,AH156))) -> 994 | ... BL157: =IF($D157=BL$1,$E157+$V157,(IF($J157=BL$1,$K157+$W157,BL156))) -> 920
A158: 45788 | B158: Secondary | D158: Laois | E158: =HLOOKUP(D158,AA$1:CB$10081,ROW()-1,FALSE) -> 1516 | F158: 5 | G158: 28 | H158: =F158*3+G158 -> 43 | J158: Kerry | K158: =HLOOKUP(J158,AA$1:CB$10081,ROW()-1,FALSE) -> 1269 | L158: 1 | M158: 21 | N158: =L158*3+M158 -> 24 | P158: Y | R158: =MIN(Rules!$E$2,(MAX(H158/N158,N158/H158))) -> 1.7916667 | S158: =VLOOKUP(B158,Rules!A:B,2,FALSE) -> 50 | U158: =1/(10^(-(E158+(IF(P158="Y",Rules!$I$2,0))-K158)/Rules!$E$12)+1) -> 0.86155343 | V158: =ROUND(IF(H158>N158,(S158*R158*(1-U158)),IF(H158<N158,(S158*R158*(0-U158)),S158*R158*(0.5-U158))),0) -> 12 | W158: =-1*V158 -> -12 | AA158: =IF($D158=AA$1,$E158+$V158,(IF($J158=AA$1,$K158+$W158,AA157))) -> 1497 | AB158: =IF($D158=AB$1,$E158+$V158,(IF($J158=AB$1,$K158+$W158,AB157))) -> 603 | AC158: =IF($D158=AC$1,$E158+$V158,(IF($J158=AC$1,$K158+$W158,AC157))) -> 1485 | AD158: =IF($D158=AD$1,$E158+$V158,(IF($J158=AD$1,$K158+$W158,AD157))) -> 531 | AE158: =IF($D158=AE$1,$E158+$V158,(IF($J158=AE$1,$K158+$W158,AE157))) -> 2096 | AF158: =IF($D158=AF$1,$E158+$V158,(IF($J158=AF$1,$K158+$W158,AF157))) -> 2308 | AG158: =IF($D158=AG$1,$E158+$V158,(IF($J158=AG$1,$K158+$W158,AG157))) -> 1202 | AH158: =IF($D158=AH$1,$E158+$V158,(IF($J158=AH$1,$K158+$W158,AH157))) -> 994 | ... BL158: =IF($D158=BL$1,$E158+$V158,(IF($J158=BL$1,$K158+$W158,BL157))) -> 920
... A199: 45858 | B199: All-Ireland | D199: Cork | E199: =HLOOKUP(D199,AA$1:CB$10081,ROW()-1,FALSE) -> 2330 | F199: 1 | G199: 18 | H199: =F199*3+G199 -> 21 | J199: Tipperary | K199: =HLOOKUP(J199,AA$1:CB$10081,ROW()-1,FALSE) -> 2202 | L199: 3 | M199: 27 | N199: =L199*3+M199 -> 36 | P199: N | R199: =MIN(Rules!$E$2,(MAX(H199/N199,N199/H199))) -> 1.7142857 | S199: =VLOOKUP(B199,Rules!A:B,2,FALSE) -> 80 | U199: =1/(10^(-(E199+(IF(P199="Y",Rules!$I$2,0))-K199)/Rules!$E$12)+1) -> 0.64324164 | V199: =ROUND(IF(H199>N199,(S199*R199*(1-U199)),IF(H199<N199,(S199*R199*(0-U199)),S199*R199*(0.5-U199))),0) -> -88 | W199: =-1*V199 -> 88 | AA199: =IF($D199=AA$1,$E199+$V199,(IF($J199=AA$1,$K199+$W199,AA198))) -> 1476 | AB199: =IF($D199=AB$1,$E199+$V199,(IF($J199=AB$1,$K199+$W199,AB198))) -> 640 | AC199: =IF($D199=AC$1,$E199+$V199,(IF($J199=AC$1,$K199+$W199,AC198))) -> 1513 | AD199: =IF($D199=AD$1,$E199+$V199,(IF($J199=AD$1,$K199+$W199,AD198))) -> 426 | AE199: =IF($D199=AE$1,$E199+$V199,(IF($J199=AE$1,$K199+$W199,AE198))) -> 2157 | AF199: =IF($D199=AF$1,$E199+$V199,(IF($J199=AF$1,$K199+$W199,AF198))) -> 2242 | AG199: =IF($D199=AG$1,$E199+$V199,(IF($J199=AG$1,$K199+$W199,AG198))) -> 1177 | AH199: =IF($D199=AH$1,$E199+$V199,(IF($J199=AH$1,$K199+$W199,AH198))) -> 1038 | ... BL199: =IF($D199=BL$1,$E199+$V199,(IF($J199=BL$1,$K199+$W199,BL198))) -> 908

Sheet 2024
A1: Date | B1: Grade | D1: Team 1 | E1: Elo | F1: G | G1: P | H1: Sc | J1: Team 2 | K1: Elo | L1: G | M1: P | N1: Sc | P1: Home? | R1: Margin* | S1: Weight | U1: T1 win odds | V1: Result T1 | W1: Result T2 | AA1: Antrim | AB1: Armagh | AC1: Carlow | AD1: Cavan | AE1: Clare | AF1: Cork | AG1: Derry | AH1: Donegal | AI1: Down | AJ1: Dublin | AK1: Fermanagh | AL1: Fingal | AM1: Galway | AN1: Kerry | AO1: Kildare | AP1: Kilkenny | AQ1: Lancashire | AR1: Laois | AS1: Leitrim | AT1: Limerick | AU1: London | AV1: Longford | AW1: Louth | AX1: Mayo | AY1: Meath | AZ1: Monaghan | BA1: New York | BB1: Offaly | BC1: Roscommon | BD1: Sligo | BE1: South Down | BF1: Tipperary | BG1: Tyrone | BH1: Warwickshire | BI1: Waterford | BJ1: Westmeath | BK1: Wexford | BL1: Wicklow
Z2: opening | AA2: =LOOKUP(9.999E+307,'2023'!AA:AA) -> 1573 | AB2: =LOOKUP(9.999E+307,'2023'!AB:AB) -> 680 | AC2: =LOOKUP(9.999E+307,'2023'!AC:AC) -> 1477 | AD2: =LOOKUP(9.999E+307,'2023'!AD:AD) -> 177 | AE2: =LOOKUP(9.999E+307,'2023'!AE:AE) -> 2094 | AF2: =LOOKUP(9.999E+307,'2023'!AF:AF) -> 2104 | AG2: =LOOKUP(9.999E+307,'2023'!AG:AG) -> 1117 | AH2: =LOOKUP(9.999E+307,'2023'!AH:AH) -> 967 | AI2: =LOOKUP(9.999E+307,'2023'!AI:AI) -> 1183 | AJ2: =LOOKUP(9.999E+307,'2023'!AJ:AJ) -> 1844 | AK2: =LOOKUP(9.999E+307,'2023'!AK:AK) -> 453 | AL2: =LOOKUP(9.999E+307,'2023'!AL:AL) -> 717 | AM2: =LOOKUP(9.999E+307,'2023'!AM:AM) -> 2118 | AN2: =LOOKUP(9.999E+307,'2023'!AN:AN) -> 1374 | AO2: =LOOKUP(9.999E+307,'2023'!AO:AO) -> 1219 | AP2: =LOOKUP(9.999E+307,'2023'!AP:AP) -> 2146 | AQ2: =LOOKUP(9.999E+307,'2023'!AQ:AQ) -> 278 | AR2: =LOOKUP(9.999E+307,'2023'!AR:AR) -> 1487 | AS2: =LOOKUP(9.999E+307,'2023'!AS:AS) -> 327 | AT2: =LOOKUP(9.999E+307,'2023'!AT:AT) -> 2412 | AU2: =LOOKUP(9.999E+307,'2023'!AU:AU) -> 928 | AV2: =LOOKUP(9.999E+307,'2023'!AV:AV) -> 412 | AW2: =LOOKUP(9.999E+307,'2023'!AW:AW) -> 501 | AX2: =LOOKUP(9.999E+307,'2023'!AX:AX) -> 788 | AY2: =LOOKUP(9.999E+307,'2023'!AY:AY) -> 1240 | AZ2: =LOOKUP(9.999E+307,'2023'!AZ:AZ) -> 584 | BA2: =LOOKUP(9.999E+307,'2023'!BA:BA) -> 0 | BB2: =LOOKUP(9.999E+307,'2023'!BB:BB) -> 1510 | BC2: =LOOKUP(9.999E+307,'2023'!BC:BC) -> 790 | BD2: =LOOKUP(9.999E+307,'2023'!BD:BD) -> 846 | BE2: =LOOKUP(9.999E+307,'2023'!BE:BE) -> 638 | BF2: =LOOKUP(9.999E+307,'2023'!BF:BF) -> 2031 | BG2: =LOOKUP(9.999E+307,'2023'!BG:BG) -> 885 | BH2: =LOOKUP(9.999E+307,'2023'!BH:BH) -> 195 | BI2: =LOOKUP(9.999E+307,'2023'!BI:BI) -> 1974 | BJ2: =LOOKUP(9.999E+307,'2023'!BJ:BJ) -> 1529 | BK2: =LOOKUP(9.999E+307,'2023'!BK:BK) -> 1855 | BL2: =LOOKUP(9.999E+307,'2023'!BL:BL) -> 981
A3: 45325 | B3: League | D3: Galway | E3: =HLOOKUP(D3,AA$1:CB$10077,ROW()-1,FALSE) -> 2118 | F3: 4 | G3: 31 | H3: =F3*3+G3 -> 43 | J3: Westmeath | K3: =HLOOKUP(J3,AA$1:CB$10077,ROW()-1,FALSE) -> 1529 | L3: 1 | M3: 12 | N3: =L3*3+M3 -> 15 | P3: Y | R3: =MIN(Rules!$E$2,(MAX(H3/N3,N3/H3))) -> 2 | S3: =VLOOKUP(B3,Rules!A:B,2,FALSE) -> 40 | U3: =1/(10^(-(E3+(IF(P3="Y",Rules!$I$2,0))-K3)/Rules!$E$12)+1) -> 0.96780504 | V3: =ROUND(IF(H3>N3,(S3*R3*(1-U3)),IF(H3<N3,(S3*R3*(0-U3)),S3*R3*(0.5-U3))),0) -> 3 | W3: =-1*V3 -> -3 | AA3: =IF($D3=AA$1,$E3+$V3,(IF($J3=AA$1,$K3+$W3,AA2))) -> 1573 | AB3: =IF($D3=AB$1,$E3+$V3,(IF($J3=AB$1,$K3+$W3,AB2))) -> 680 | AC3: =IF($D3=AC$1,$E3+$V3,(IF($J3=AC$1,$K3+$W3,AC2))) -> 1477 | AD3: =IF($D3=AD$1,$E3+$V3,(IF($J3=AD$1,$K3+$W3,AD2))) -> 177 | AE3: =IF($D3=AE$1,$E3+$V3,(IF($J3=AE$1,$K3+$W3,AE2))) -> 2094 | AF3: =IF($D3=AF$1,$E3+$V3,(IF($J3=AF$1,$K3+$W3,AF2))) -> 2104 | AG3: =IF($D3=AG$1,$E3+$V3,(IF($J3=AG$1,$K3+$W3,AG2))) -> 1117 | AH3: =IF($D3=AH$1,$E3+$V3,(IF($J3=AH$1,$K3+$W3,AH2))) -> 967 | ... BL3: =IF($D3=BL$1,$E3+$V3,(IF($J3=BL$1,$K3+$W3,BL2))) -> 981
A4: 45325 | B4: League | D4: Dublin | E4: =HLOOKUP(D4,AA$1:CB$10077,ROW()-1,FALSE) -> 1844 | F4: 0 | G4: 22 | H4: =F4*3+G4 -> 22 | J4: Tipperary | K4: =HLOOKUP(J4,AA$1:CB$10077,ROW()-1,FALSE) -> 2031 | L4: 2 | M4: 27 | N4: =L4*3+M4 -> 33 | P4: Y | R4: =MIN(Rules!$E$2,(MAX(H4/N4,N4/H4))) -> 1.5 | S4: =VLOOKUP(B4,Rules!A:B,2,FALSE) -> 40 | U4: =1/(10^(-(E4+(IF(P4="Y",Rules!$I$2,0))-K4)/Rules!$E$12)+1) -> 0.45750494 | V4: =ROUND(IF(H4>N4,(S4*R4*(1-U4)),IF(H4<N4,(S4*R4*(0-U4)),S4*R4*(0.5-U4))),0) -> -27 | W4: =-1*V4 -> 27 | AA4: =IF($D4=AA$1,$E4+$V4,(IF($J4=AA$1,$K4+$W4,AA3))) -> 1573 | AB4: =IF($D4=AB$1,$E4+$V4,(IF($J4=AB$1,$K4+$W4,AB3))) -> 680 | AC4: =IF($D4=AC$1,$E4+$V4,(IF($J4=AC$1,$K4+$W4,AC3))) -> 1477 | AD4: =IF($D4=AD$1,$E4+$V4,(IF($J4=AD$1,$K4+$W4,AD3))) -> 177 | AE4: =IF($D4=AE$1,$E4+$V4,(IF($J4=AE$1,$K4+$W4,AE3))) -> 2094 | AF4: =IF($D4=AF$1,$E4+$V4,(IF($J4=AF$1,$K4+$W4,AF3))) -> 2104 | AG4: =IF($D4=AG$1,$E4+$V4,(IF($J4=AG$1,$K4+$W4,AG3))) -> 1117 | AH4: =IF($D4=AH$1,$E4+$V4,(IF($J4=AH$1,$K4+$W4,AH3))) -> 967 | ... BL4: =IF($D4=BL$1,$E4+$V4,(IF($J4=BL$1,$K4+$W4,BL3))) -> 981
A5: 45325 | B5: League | D5: Sligo | E5: =HLOOKUP(D5,AA$1:CB$10077,ROW()-1,FALSE) -> 846 | F5: 4 | G5: 19 | H5: =F5*3+G5 -> 31 | J5: Cavan | K5: =HLOOKUP(J5,AA$1:CB$10077,ROW()-1,FALSE) -> 177 | L5: 3 | M5: 18 | N5: =L5*3+M5 -> 27 | P5: Y | R5: =MIN(Rules!$E$2,(MAX(H5/N5,N5/H5))) -> 1.1481481 | S5: =VLOOKUP(B5,Rules!A:B,2,FALSE) -> 40 | U5: =1/(10^(-(E5+(IF(P5="Y",Rules!$I$2,0))-K5)/Rules!$E$12)+1) -> 0.97750333 | V5: =ROUND(IF(H5>N5,(S5*R5*(1-U5)),IF(H5<N5,(S5*R5*(0-U5)),S5*R5*(0.5-U5))),0) -> 1 | W5: =-1*V5 -> -1 | AA5: =IF($D5=AA$1,$E5+$V5,(IF($J5=AA$1,$K5+$W5,AA4))) -> 1573 | AB5: =IF($D5=AB$1,$E5+$V5,(IF($J5=AB$1,$K5+$W5,AB4))) -> 680 | AC5: =IF($D5=AC$1,$E5+$V5,(IF($J5=AC$1,$K5+$W5,AC4))) -> 1477 | AD5: =IF($D5=AD$1,$E5+$V5,(IF($J5=AD$1,$K5+$W5,AD4))) -> 176 | AE5: =IF($D5=AE$1,$E5+$V5,(IF($J5=AE$1,$K5+$W5,AE4))) -> 2094 | AF5: =IF($D5=AF$1,$E5+$V5,(IF($J5=AF$1,$K5+$W5,AF4))) -> 2104 | AG5: =IF($D5=AG$1,$E5+$V5,(IF($J5=AG$1,$K5+$W5,AG4))) -> 1117 | AH5: =IF($D5=AH$1,$E5+$V5,(IF($J5=AH$1,$K5+$W5,AH4))) -> 967 | ... BL5: =IF($D5=BL$1,$E5+$V5,(IF($J5=BL$1,$K5+$W5,BL4))) -> 981
A6: 45325 | B6: League | D6: Lancashire | E6: =HLOOKUP(D6,AA$1:CB$10077,ROW()-1,FALSE) -> 278 | F6: 0 | G6: 12 | H6: =F6*3+G6 -> 12 | J6: Longford | K6: =HLOOKUP(J6,AA$1:CB$10077,ROW()-1,FALSE) -> 412 | L6: 1 | M6: 9 | N6: =L6*3+M6 -> 12 | P6: N | R6: =MIN(Rules!$E$2,(MAX(H6/N6,N6/H6))) -> 1 | S6: =VLOOKUP(B6,Rules!A:B,2,FALSE) -> 40 | U6: =1/(10^(-(E6+(IF(P6="Y",Rules!$I$2,0))-K6)/Rules!$E$12)+1) -> 0.35044294 | V6: =ROUND(IF(H6>N6,(S6*R6*(1-U6)),IF(H6<N6,(S6*R6*(0-U6)),S6*R6*(0.5-U6))),0) -> 6 | W6: =-1*V6 -> -6 | AA6: =IF($D6=AA$1,$E6+$V6,(IF($J6=AA$1,$K6+$W6,AA5))) -> 1573 | AB6: =IF($D6=AB$1,$E6+$V6,(IF($J6=AB$1,$K6+$W6,AB5))) -> 680 | AC6: =IF($D6=AC$1,$E6+$V6,(IF($J6=AC$1,$K6+$W6,AC5))) -> 1477 | AD6: =IF($D6=AD$1,$E6+$V6,(IF($J6=AD$1,$K6+$W6,AD5))) -> 176 | AE6: =IF($D6=AE$1,$E6+$V6,(IF($J6=AE$1,$K6+$W6,AE5))) -> 2094 | AF6: =IF($D6=AF$1,$E6+$V6,(IF($J6=AF$1,$K6+$W6,AF5))) -> 2104 | AG6: =IF($D6=AG$1,$E6+$V6,(IF($J6=AG$1,$K6+$W6,AG5))) -> 1117 | AH6: =IF($D6=AH$1,$E6+$V6,(IF($J6=AH$1,$K6+$W6,AH5))) -> 967 | ... BL6: =IF($D6=BL$1,$E6+$V6,(IF($J6=BL$1,$K6+$W6,BL5))) -> 981
A7: 45325 | B7: League | D7: Warwickshire | E7: =HLOOKUP(D7,AA$1:CB$10077,ROW()-1,FALSE) -> 195 | F7: 1 | G7: 17 | H7: =F7*3+G7 -> 20 | J7: Leitrim | K7: =HLOOKUP(J7,AA$1:CB$10077,ROW()-1,FALSE) -> 327 | L7: 0 | M7: 20 | N7: =L7*3+M7 -> 20 | P7: Y | R7: =MIN(Rules!$E$2,(MAX(H7/N7,N7/H7))) -> 1 | S7: =VLOOKUP(B7,Rules!A:B,2,FALSE) -> 40 | U7: =1/(10^(-(E7+(IF(P7="Y",Rules!$I$2,0))-K7)/Rules!$E$12)+1) -> 0.52071141 | V7: =ROUND(IF(H7>N7,(S7*R7*(1-U7)),IF(H7<N7,(S7*R7*(0-U7)),S7*R7*(0.5-U7))),0) -> -1 | W7: =-1*V7 -> 1 | AA7: =IF($D7=AA$1,$E7+$V7,(IF($J7=AA$1,$K7+$W7,AA6))) -> 1573 | AB7: =IF($D7=AB$1,$E7+$V7,(IF($J7=AB$1,$K7+$W7,AB6))) -> 680 | AC7: =IF($D7=AC$1,$E7+$V7,(IF($J7=AC$1,$K7+$W7,AC6))) -> 1477 | AD7: =IF($D7=AD$1,$E7+$V7,(IF($J7=AD$1,$K7+$W7,AD6))) -> 176 | AE7: =IF($D7=AE$1,$E7+$V7,(IF($J7=AE$1,$K7+$W7,AE6))) -> 2094 | AF7: =IF($D7=AF$1,$E7+$V7,(IF($J7=AF$1,$K7+$W7,AF6))) -> 2104 | AG7: =IF($D7=AG$1,$E7+$V7,(IF($J7=AG$1,$K7+$W7,AG6))) -> 1117 | AH7: =IF($D7=AH$1,$E7+$V7,(IF($J7=AH$1,$K7+$W7,AH6))) -> 967 | ... BL7: =IF($D7=BL$1,$E7+$V7,(IF($J7=BL$1,$K7+$W7,BL6))) -> 981
A8: 45326 | B8: League | D8: Clare | E8: =HLOOKUP(D8,AA$1:CB$10077,ROW()-1,FALSE) -> 2094 | F8: 1 | G8: 25 | H8: =F8*3+G8 -> 28 | J8: Cork | K8: =HLOOKUP(J8,AA$1:CB$10077,ROW()-1,FALSE) -> 2104 | L8: 2 | M8: 19 | N8: =L8*3+M8 -> 25 | P8: Y | R8: =MIN(Rules!$E$2,(MAX(H8/N8,N8/H8))) -> 1.12 | S8: =VLOOKUP(B8,Rules!A:B,2,FALSE) -> 40 | U8: =1/(10^(-(E8+(IF(P8="Y",Rules!$I$2,0))-K8)/Rules!$E$12)+1) -> 0.65582051 | V8: =ROUND(IF(H8>N8,(S8*R8*(1-U8)),IF(H8<N8,(S8*R8*(0-U8)),S8*R8*(0.5-U8))),0) -> 15 | W8: =-1*V8 -> -15 | AA8: =IF($D8=AA$1,$E8+$V8,(IF($J8=AA$1,$K8+$W8,AA6))) -> 1573 | AB8: =IF($D8=AB$1,$E8+$V8,(IF($J8=AB$1,$K8+$W8,AB6))) -> 680 | AC8: =IF($D8=AC$1,$E8+$V8,(IF($J8=AC$1,$K8+$W8,AC6))) -> 1477 | AD8: =IF($D8=AD$1,$E8+$V8,(IF($J8=AD$1,$K8+$W8,AD6))) -> 176 | AE8: =IF($D8=AE$1,$E8+$V8,(IF($J8=AE$1,$K8+$W8,AE6))) -> 2109 | AF8: =IF($D8=AF$1,$E8+$V8,(IF($J8=AF$1,$K8+$W8,AF6))) -> 2089 | AG8: =IF($D8=AG$1,$E8+$V8,(IF($J8=AG$1,$K8+$W8,AG6))) -> 1117 | AH8: =IF($D8=AH$1,$E8+$V8,(IF($J8=AH$1,$K8+$W8,AH6))) -> 967 | ... BL8: =IF($D8=BL$1,$E8+$V8,(IF($J8=BL$1,$K8+$W8,BL6))) -> 981
A9: 45326 | B9: League | D9: Kilkenny | E9: =HLOOKUP(D9,AA$1:CB$10077,ROW()-1,FALSE) -> 2146 | F9: 2 | G9: 16 | H9: =F9*3+G9 -> 22 | J9: Wexford | K9: =HLOOKUP(J9,AA$1:CB$10077,ROW()-1,FALSE) -> 1855 | L9: 2 | M9: 16 | N9: =L9*3+M9 -> 22 | P9: Y | R9: =MIN(Rules!$E$2,(MAX(H9/N9,N9/H9))) -> 1 | S9: =VLOOKUP(B9,Rules!A:B,2,FALSE) -> 40 | U9: =1/(10^(-(E9+(IF(P9="Y",Rules!$I$2,0))-K9)/Rules!$E$12)+1) -> 0.88400135 | V9: =ROUND(IF(H9>N9,(S9*R9*(1-U9)),IF(H9<N9,(S9*R9*(0-U9)),S9*R9*(0.5-U9))),0) -> -15 | W9: =-1*V9 -> 15 | AA9: =IF($D9=AA$1,$E9+$V9,(IF($J9=AA$1,$K9+$W9,AA8))) -> 1573 | AB9: =IF($D9=AB$1,$E9+$V9,(IF($J9=AB$1,$K9+$W9,AB8))) -> 680 | AC9: =IF($D9=AC$1,$E9+$V9,(IF($J9=AC$1,$K9+$W9,AC8))) -> 1477 | AD9: =IF($D9=AD$1,$E9+$V9,(IF($J9=AD$1,$K9+$W9,AD8))) -> 176 | AE9: =IF($D9=AE$1,$E9+$V9,(IF($J9=AE$1,$K9+$W9,AE8))) -> 2109 | AF9: =IF($D9=AF$1,$E9+$V9,(IF($J9=AF$1,$K9+$W9,AF8))) -> 2089 | AG9: =IF($D9=AG$1,$E9+$V9,(IF($J9=AG$1,$K9+$W9,AG8))) -> 1117 | AH9: =IF($D9=AH$1,$E9+$V9,(IF($J9=AH$1,$K9+$W9,AH8))) -> 967 | ... BL9: =IF($D9=BL$1,$E9+$V9,(IF($J9=BL$1,$K9+$W9,BL8))) -> 981
A10: 45326 | B10: League | D10: Offaly | E10: =HLOOKUP(D10,AA$1:CB$10077,ROW()-1,FALSE) -> 1510 | F10: 0 | G10: 17 | H10: =F10*3+G10 -> 17 | J10: Waterford | K10: =HLOOKUP(J10,AA$1:CB$10077,ROW()-1,FALSE) -> 1974 | L10: 3 | M10: 20 | N10: =L10*3+M10 -> 29 | P10: Y | R10: =MIN(Rules!$E$2,(MAX(H10/N10,N10/H10))) -> 1.7058824 | S10: =VLOOKUP(B10,Rules!A:B,2,FALSE) -> 40 | U10: =1/(10^(-(E10+(IF(P10="Y",Rules!$I$2,0))-K10)/Rules!$E$12)+1) -> 0.19061432 | V10: =ROUND(IF(H10>N10,(S10*R10*(1-U10)),IF(H10<N10,(S10*R10*(0-U10)),S10*R10*(0.5-U10))),0) -> -13 | W10: =-1*V10 -> 13 | AA10: =IF($D10=AA$1,$E10+$V10,(IF($J10=AA$1,$K10+$W10,AA9))) -> 1573 | AB10: =IF($D10=AB$1,$E10+$V10,(IF($J10=AB$1,$K10+$W10,AB9))) -> 680 | AC10: =IF($D10=AC$1,$E10+$V10,(IF($J10=AC$1,$K10+$W10,AC9))) -> 1477 | AD10: =IF($D10=AD$1,$E10+$V10,(IF($J10=AD$1,$K10+$W10,AD9))) -> 176 | AE10: =IF($D10=AE$1,$E10+$V10,(IF($J10=AE$1,$K10+$W10,AE9))) -> 2109 | AF10: =IF($D10=AF$1,$E10+$V10,(IF($J10=AF$1,$K10+$W10,AF9))) -> 2089 | AG10: =IF($D10=AG$1,$E10+$V10,(IF($J10=AG$1,$K10+$W10,AG9))) -> 1117 | AH10: =IF($D10=AH$1,$E10+$V10,(IF($J10=AH$1,$K10+$W10,AH9))) -> 967 | ... BL10: =IF($D10=BL$1,$E10+$V10,(IF($J10=BL$1,$K10+$W10,BL9))) -> 981
A11: 45326 | B11: League | D11: Limerick | E11: =HLOOKUP(D11,AA$1:CB$10077,ROW()-1,FALSE) -> 2412 | F11: 1 | G11: 36 | H11: =F11*3+G11 -> 39 | J11: Antrim | K11: =HLOOKUP(J11,AA$1:CB$10077,ROW()-1,FALSE) -> 1573 | L11: 1 | M11: 9 | N11: =L11*3+M11 -> 12 | P11: Y | R11: =MIN(Rules!$E$2,(MAX(H11/N11,N11/H11))) -> 2 | S11: =VLOOKUP(B11,Rules!A:B,2,FALSE) -> 40 | U11: =1/(10^(-(E11+(IF(P11="Y",Rules!$I$2,0))-K11)/Rules!$E$12)+1) -> 0.98958989 | V11: =ROUND(IF(H11>N11,(S11*R11*(1-U11)),IF(H11<N11,(S11*R11*(0-U11)),S11*R11*(0.5-U11))),0) -> 1 | W11: =-1*V11 -> -1 | AA11: =IF($D11=AA$1,$E11+$V11,(IF($J11=AA$1,$K11+$W11,AA10))) -> 1572 | AB11: =IF($D11=AB$1,$E11+$V11,(IF($J11=AB$1,$K11+$W11,AB10))) -> 680 | AC11: =IF($D11=AC$1,$E11+$V11,(IF($J11=AC$1,$K11+$W11,AC10))) -> 1477 | AD11: =IF($D11=AD$1,$E11+$V11,(IF($J11=AD$1,$K11+$W11,AD10))) -> 176 | AE11: =IF($D11=AE$1,$E11+$V11,(IF($J11=AE$1,$K11+$W11,AE10))) -> 2109 | AF11: =IF($D11=AF$1,$E11+$V11,(IF($J11=AF$1,$K11+$W11,AF10))) -> 2089 | AG11: =IF($D11=AG$1,$E11+$V11,(IF($J11=AG$1,$K11+$W11,AG10))) -> 1117 | AH11: =IF($D11=AH$1,$E11+$V11,(IF($J11=AH$1,$K11+$W11,AH10))) -> 967 | ... BL11: =IF($D11=BL$1,$E11+$V11,(IF($J11=BL$1,$K11+$W11,BL10))) -> 981
A12: 45326 | B12: League | D12: Kerry | E12: =HLOOKUP(D12,AA$1:CB$10077,ROW()-1,FALSE) -> 1374 | F12: 0 | G12: 19 | H12: =F12*3+G12 -> 19 | J12: Carlow | K12: =HLOOKUP(J12,AA$1:CB$10077,ROW()-1,FALSE) -> 1477 | L12: 3 | M12: 22 | N12: =L12*3+M12 -> 31 | P12: Y | R12: =MIN(Rules!$E$2,(MAX(H12/N12,N12/H12))) -> 1.6315789 | S12: =VLOOKUP(B12,Rules!A:B,2,FALSE) -> 40 | U12: =1/(10^(-(E12+(IF(P12="Y",Rules!$I$2,0))-K12)/Rules!$E$12)+1) -> 0.55390049 | V12: =ROUND(IF(H12>N12,(S12*R12*(1-U12)),IF(H12<N12,(S12*R12*(0-U12)),S12*R12*(0.5-U12))),0) -> -36 | W12: =-1*V12 -> 36 | AA12: =IF($D12=AA$1,$E12+$V12,(IF($J12=AA$1,$K12+$W12,AA11))) -> 1572 | AB12: =IF($D12=AB$1,$E12+$V12,(IF($J12=AB$1,$K12+$W12,AB11))) -> 680 | AC12: =IF($D12=AC$1,$E12+$V12,(IF($J12=AC$1,$K12+$W12,AC11))) -> 1513 | AD12: =IF($D12=AD$1,$E12+$V12,(IF($J12=AD$1,$K12+$W12,AD11))) -> 176 | AE12: =IF($D12=AE$1,$E12+$V12,(IF($J12=AE$1,$K12+$W12,AE11))) -> 2109 | AF12: =IF($D12=AF$1,$E12+$V12,(IF($J12=AF$1,$K12+$W12,AF11))) -> 2089 | AG12: =IF($D12=AG$1,$E12+$V12,(IF($J12=AG$1,$K12+$W12,AG11))) -> 1117 | AH12: =IF($D12=AH$1,$E12+$V12,(IF($J12=AH$1,$K12+$W12,AH11))) -> 967 | ... BL12: =IF($D12=BL$1,$E12+$V12,(IF($J12=BL$1,$K12+$W12,BL11))) -> 981
A13: 45326 | B13: League | D13: Laois | E13: =HLOOKUP(D13,AA$1:CB$10077,ROW()-1,FALSE) -> 1487 | F13: 2 | G13: 18 | H13: =F13*3+G13 -> 24 | J13: Down | K13: =HLOOKUP(J13,AA$1:CB$10077,ROW()-1,FALSE) -> 1183 | L13: 0 | M13: 17 | N13: =L13*3+M13 -> 17 | P13: Y | R13: =MIN(Rules!$E$2,(MAX(H13/N13,N13/H13))) -> 1.4117647 | S13: =VLOOKUP(B13,Rules!A:B,2,FALSE) -> 40 | U13: =1/(10^(-(E13+(IF(P13="Y",Rules!$I$2,0))-K13)/Rules!$E$12)+1) -> 0.8900006 | V13: =ROUND(IF(H13>N13,(S13*R13*(1-U13)),IF(H13<N13,(S13*R13*(0-U13)),S13*R13*(0.5-U13))),0) -> 6 | W13: =-1*V13 -> -6 | AA13: =IF($D13=AA$1,$E13+$V13,(IF($J13=AA$1,$K13+$W13,AA12))) -> 1572 | AB13: =IF($D13=AB$1,$E13+$V13,(IF($J13=AB$1,$K13+$W13,AB12))) -> 680 | AC13: =IF($D13=AC$1,$E13+$V13,(IF($J13=AC$1,$K13+$W13,AC12))) -> 1513 | AD13: =IF($D13=AD$1,$E13+$V13,(IF($J13=AD$1,$K13+$W13,AD12))) -> 176 | AE13: =IF($D13=AE$1,$E13+$V13,(IF($J13=AE$1,$K13+$W13,AE12))) -> 2109 | AF13: =IF($D13=AF$1,$E13+$V13,(IF($J13=AF$1,$K13+$W13,AF12))) -> 2089 | AG13: =IF($D13=AG$1,$E13+$V13,(IF($J13=AG$1,$K13+$W13,AG12))) -> 1117 | AH13: =IF($D13=AH$1,$E13+$V13,(IF($J13=AH$1,$K13+$W13,AH12))) -> 967 | ... BL13: =IF($D13=BL$1,$E13+$V13,(IF($J13=BL$1,$K13+$W13,BL12))) -> 981
A14: 45326 | B14: League | D14: Meath | E14: =HLOOKUP(D14,AA$1:CB$10077,ROW()-1,FALSE) -> 1240 | F14: 2 | G14: 20 | H14: =F14*3+G14 -> 26 | J14: Kildare | K14: =HLOOKUP(J14,AA$1:CB$10077,ROW()-1,FALSE) -> 1219 | L14: 3 | M14: 14 | N14: =L14*3+M14 -> 23 | P14: Y | R14: =MIN(Rules!$E$2,(MAX(H14/N14,N14/H14))) -> 1.1304348 | S14: =VLOOKUP(B14,Rules!A:B,2,FALSE) -> 40 | U14: =1/(10^(-(E14+(IF(P14="Y",Rules!$I$2,0))-K14)/Rules!$E$12)+1) -> 0.68729086 | V14: =ROUND(IF(H14>N14,(S14*R14*(1-U14)),IF(H14<N14,(S14*R14*(0-U14)),S14*R14*(0.5-U14))),0) -> 14 | W14: =-1*V14 -> -14 | AA14: =IF($D14=AA$1,$E14+$V14,(IF($J14=AA$1,$K14+$W14,AA13))) -> 1572 | AB14: =IF($D14=AB$1,$E14+$V14,(IF($J14=AB$1,$K14+$W14,AB13))) -> 680 | AC14: =IF($D14=AC$1,$E14+$V14,(IF($J14=AC$1,$K14+$W14,AC13))) -> 1513 | AD14: =IF($D14=AD$1,$E14+$V14,(IF($J14=AD$1,$K14+$W14,AD13))) -> 176 | AE14: =IF($D14=AE$1,$E14+$V14,(IF($J14=AE$1,$K14+$W14,AE13))) -> 2109 | AF14: =IF($D14=AF$1,$E14+$V14,(IF($J14=AF$1,$K14+$W14,AF13))) -> 2089 | AG14: =IF($D14=AG$1,$E14+$V14,(IF($J14=AG$1,$K14+$W14,AG13))) -> 1117 | AH14: =IF($D14=AH$1,$E14+$V14,(IF($J14=AH$1,$K14+$W14,AH13))) -> 967 | ... BL14: =IF($D14=BL$1,$E14+$V14,(IF($J14=BL$1,$K14+$W14,BL13))) -> 981
A15: 45326 | B15: League | D15: Roscommon | E15: =HLOOKUP(D15,AA$1:CB$10077,ROW()-1,FALSE) -> 790 | F15: 0 | G15: 24 | H15: =F15*3+G15 -> 24 | J15: London | K15: =HLOOKUP(J15,AA$1:CB$10077,ROW()-1,FALSE) -> 928 | L15: 1 | M15: 15 | N15: =L15*3+M15 -> 18 | P15: Y | R15: =MIN(Rules!$E$2,(MAX(H15/N15,N15/H15))) -> 1.3333333 | S15: =VLOOKUP(B15,Rules!A:B,2,FALSE) -> 40 | U15: =1/(10^(-(E15+(IF(P15="Y",Rules!$I$2,0))-K15)/Rules!$E$12)+1) -> 0.513812 | V15: =ROUND(IF(H15>N15,(S15*R15*(1-U15)),IF(H15<N15,(S15*R15*(0-U15)),S15*R15*(0.5-U15))),0) -> 26 | W15: =-1*V15 -> -26 | AA15: =IF($D15=AA$1,$E15+$V15,(IF($J15=AA$1,$K15+$W15,AA14))) -> 1572 | AB15: =IF($D15=AB$1,$E15+$V15,(IF($J15=AB$1,$K15+$W15,AB14))) -> 680 | AC15: =IF($D15=AC$1,$E15+$V15,(IF($J15=AC$1,$K15+$W15,AC14))) -> 1513 | AD15: =IF($D15=AD$1,$E15+$V15,(IF($J15=AD$1,$K15+$W15,AD14))) -> 176 | AE15: =IF($D15=AE$1,$E15+$V15,(IF($J15=AE$1,$K15+$W15,AE14))) -> 2109 | AF15: =IF($D15=AF$1,$E15+$V15,(IF($J15=AF$1,$K15+$W15,AF14))) -> 2089 | AG15: =IF($D15=AG$1,$E15+$V15,(IF($J15=AG$1,$K15+$W15,AG14))) -> 1117 | AH15: =IF($D15=AH$1,$E15+$V15,(IF($J15=AH$1,$K15+$W15,AH14))) -> 967 | ... BL15: =IF($D15=BL$1,$E15+$V15,(IF($J15=BL$1,$K15+$W15,BL14))) -> 981
A16: 45326 | B16: League | D16: Derry | E16: =HLOOKUP(D16,AA$1:CB$10077,ROW()-1,FALSE) -> 1117 | F16: 2 | G16: 20 | H16: =F16*3+G16 -> 26 | J16: Tyrone | K16: =HLOOKUP(J16,AA$1:CB$10077,ROW()-1,FALSE) -> 885 | L16: 0 | M16: 16 | N16: =L16*3+M16 -> 16 | P16: Y | R16: =MIN(Rules!$E$2,(MAX(H16/N16,N16/H16))) -> 1.625 | S16: =VLOOKUP(B16,Rules!A:B,2,FALSE) -> 40 | U16: =1/(10^(-(E16+(IF(P16="Y",Rules!$I$2,0))-K16)/Rules!$E$12)+1) -> 0.85310631 | V16: =ROUND(IF(H16>N16,(S16*R16*(1-U16)),IF(H16<N16,(S16*R16*(0-U16)),S16*R16*(0.5-U16))),0) -> 10 | W16: =-1*V16 -> -10 | AA16: =IF($D16=AA$1,$E16+$V16,(IF($J16=AA$1,$K16+$W16,AA15))) -> 1572 | AB16: =IF($D16=AB$1,$E16+$V16,(IF($J16=AB$1,$K16+$W16,AB15))) -> 680 | AC16: =IF($D16=AC$1,$E16+$V16,(IF($J16=AC$1,$K16+$W16,AC15))) -> 1513 | AD16: =IF($D16=AD$1,$E16+$V16,(IF($J16=AD$1,$K16+$W16,AD15))) -> 176 | AE16: =IF($D16=AE$1,$E16+$V16,(IF($J16=AE$1,$K16+$W16,AE15))) -> 2109 | AF16: =IF($D16=AF$1,$E16+$V16,(IF($J16=AF$1,$K16+$W16,AF15))) -> 2089 | AG16: =IF($D16=AG$1,$E16+$V16,(IF($J16=AG$1,$K16+$W16,AG15))) -> 1127 | AH16: =IF($D16=AH$1,$E16+$V16,(IF($J16=AH$1,$K16+$W16,AH15))) -> 967 | ... BL16: =IF($D16=BL$1,$E16+$V16,(IF($J16=BL$1,$K16+$W16,BL15))) -> 981
A17: 45326 | B17: League | D17: Wicklow | E17: =HLOOKUP(D17,AA$1:CB$10077,ROW()-1,FALSE) -> 981 | F17: 0 | G17: 13 | H17: =F17*3+G17 -> 13 | J17: Donegal | K17: =HLOOKUP(J17,AA$1:CB$10077,ROW()-1,FALSE) -> 967 | L17: 2 | M17: 23 | N17: =L17*3+M17 -> 29 | P17: Y | R17: =MIN(Rules!$E$2,(MAX(H17/N17,N17/H17))) -> 2 | S17: =VLOOKUP(B17,Rules!A:B,2,FALSE) -> 40 | U17: =1/(10^(-(E17+(IF(P17="Y",Rules!$I$2,0))-K17)/Rules!$E$12)+1) -> 0.68032112 | V17: =ROUND(IF(H17>N17,(S17*R17*(1-U17)),IF(H17<N17,(S17*R17*(0-U17)),S17*R17*(0.5-U17))),0) -> -54 | W17: =-1*V17 -> 54 | AA17: =IF($D17=AA$1,$E17+$V17,(IF($J17=AA$1,$K17+$W17,AA16))) -> 1572 | AB17: =IF($D17=AB$1,$E17+$V17,(IF($J17=AB$1,$K17+$W17,AB16))) -> 680 | AC17: =IF($D17=AC$1,$E17+$V17,(IF($J17=AC$1,$K17+$W17,AC16))) -> 1513 | AD17: =IF($D17=AD$1,$E17+$V17,(IF($J17=AD$1,$K17+$W17,AD16))) -> 176 | AE17: =IF($D17=AE$1,$E17+$V17,(IF($J17=AE$1,$K17+$W17,AE16))) -> 2109 | AF17: =IF($D17=AF$1,$E17+$V17,(IF($J17=AF$1,$K17+$W17,AF16))) -> 2089 | AG17: =IF($D17=AG$1,$E17+$V17,(IF($J17=AG$1,$K17+$W17,AG16))) -> 1127 | AH17: =IF($D17=AH$1,$E17+$V17,(IF($J17=AH$1,$K17+$W17,AH16))) -> 1021 | ... BL17: =IF($D17=BL$1,$E17+$V17,(IF($J17=BL$1,$K17+$W17,BL16))) -> 927
A18: 45326 | B18: League | D18: Louth | E18: =HLOOKUP(D18,AA$1:CB$10077,ROW()-1,FALSE) -> 501 | F18: 4 | G18: 14 | H18: =F18*3+G18 -> 26 | J18: Monaghan | K18: =HLOOKUP(J18,AA$1:CB$10077,ROW()-1,FALSE) -> 584 | L18: 1 | M18: 20 | N18: =L18*3+M18 -> 23 | P18: Y | R18: =MIN(Rules!$E$2,(MAX(H18/N18,N18/H18))) -> 1.1304348 | S18: =VLOOKUP(B18,Rules!A:B,2,FALSE) -> 40 | U18: =1/(10^(-(E18+(IF(P18="Y",Rules!$I$2,0))-K18)/Rules!$E$12)+1) -> 0.57653041 | V18: =ROUND(IF(H18>N18,(S18*R18*(1-U18)),IF(H18<N18,(S18*R18*(0-U18)),S18*R18*(0.5-U18))),0) -> 19 | W18: =-1*V18 -> -19 | AA18: =IF($D18=AA$1,$E18+$V18,(IF($J18=AA$1,$K18+$W18,AA17))) -> 1572 | AB18: =IF($D18=AB$1,$E18+$V18,(IF($J18=AB$1,$K18+$W18,AB17))) -> 680 | AC18: =IF($D18=AC$1,$E18+$V18,(IF($J18=AC$1,$K18+$W18,AC17))) -> 1513 | AD18: =IF($D18=AD$1,$E18+$V18,(IF($J18=AD$1,$K18+$W18,AD17))) -> 176 | AE18: =IF($D18=AE$1,$E18+$V18,(IF($J18=AE$1,$K18+$W18,AE17))) -> 2109 | AF18: =IF($D18=AF$1,$E18+$V18,(IF($J18=AF$1,$K18+$W18,AF17))) -> 2089 | AG18: =IF($D18=AG$1,$E18+$V18,(IF($J18=AG$1,$K18+$W18,AG17))) -> 1127 | AH18: =IF($D18=AH$1,$E18+$V18,(IF($J18=AH$1,$K18+$W18,AH17))) -> 1021 | ... BL18: =IF($D18=BL$1,$E18+$V18,(IF($J18=BL$1,$K18+$W18,BL17))) -> 927
A19: 45326 | B19: League | D19: Mayo | E19: =HLOOKUP(D19,AA$1:CB$10077,ROW()-1,FALSE) -> 788 | F19: 1 | G19: 18 | H19: =F19*3+G19 -> 21 | J19: Armagh | K19: =HLOOKUP(J19,AA$1:CB$10077,ROW()-1,FALSE) -> 680 | L19: 2 | M19: 7 | N19: =L19*3+M19 -> 13 | P19: Y | R19: =MIN(Rules!$E$2,(MAX(H19/N19,N19/H19))) -> 1.6153846 | S19: =VLOOKUP(B19,Rules!A:B,2,FALSE) -> 40 | U19: =1/(10^(-(E19+(IF(P19="Y",Rules!$I$2,0))-K19)/Rules!$E$12)+1) -> 0.76640715 | V19: =ROUND(IF(H19>N19,(S19*R19*(1-U19)),IF(H19<N19,(S19*R19*(0-U19)),S19*R19*(0.5-U19))),0) -> 15 | W19: =-1*V19 -> -15 | AA19: =IF($D19=AA$1,$E19+$V19,(IF($J19=AA$1,$K19+$W19,AA18))) -> 1572 | AB19: =IF($D19=AB$1,$E19+$V19,(IF($J19=AB$1,$K19+$W19,AB18))) -> 665 | AC19: =IF($D19=AC$1,$E19+$V19,(IF($J19=AC$1,$K19+$W19,AC18))) -> 1513 | AD19: =IF($D19=AD$1,$E19+$V19,(IF($J19=AD$1,$K19+$W19,AD18))) -> 176 | AE19: =IF($D19=AE$1,$E19+$V19,(IF($J19=AE$1,$K19+$W19,AE18))) -> 2109 | AF19: =IF($D19=AF$1,$E19+$V19,(IF($J19=AF$1,$K19+$W19,AF18))) -> 2089 | AG19: =IF($D19=AG$1,$E19+$V19,(IF($J19=AG$1,$K19+$W19,AG18))) -> 1127 | AH19: =IF($D19=AH$1,$E19+$V19,(IF($J19=AH$1,$K19+$W19,AH18))) -> 1021 | ... BL19: =IF($D19=BL$1,$E19+$V19,(IF($J19=BL$1,$K19+$W19,BL18))) -> 927
A20: 45332 | B20: League | D20: Cork | E20: =HLOOKUP(D20,AA$1:CB$10077,ROW()-1,FALSE) -> 2089 | F20: 1 | G20: 17 | H20: =F20*3+G20 -> 20 | J20: Kilkenny | K20: =HLOOKUP(J20,AA$1:CB$10077,ROW()-1,FALSE) -> 2131 | L20: 0 | M20: 21 | N20: =L20*3+M20 -> 21 | P20: Y | R20: =MIN(Rules!$E$2,(MAX(H20/N20,N20/H20))) -> 1.05 | S20: =VLOOKUP(B20,Rules!A:B,2,FALSE) -> 40 | U20: =1/(10^(-(E20+(IF(P20="Y",Rules!$I$2,0))-K20)/Rules!$E$12)+1) -> 0.62183834 | V20: =ROUND(IF(H20>N20,(S20*R20*(1-U20)),IF(H20<N20,(S20*R20*(0-U20)),S20*R20*(0.5-U20))),0) -> -26 | W20: =-1*V20 -> 26 | AA20: =IF($D20=AA$1,$E20+$V20,(IF($J20=AA$1,$K20+$W20,AA19))) -> 1572 | AB20: =IF($D20=AB$1,$E20+$V20,(IF($J20=AB$1,$K20+$W20,AB19))) -> 665 | AC20: =IF($D20=AC$1,$E20+$V20,(IF($J20=AC$1,$K20+$W20,AC19))) -> 1513 | AD20: =IF($D20=AD$1,$E20+$V20,(IF($J20=AD$1,$K20+$W20,AD19))) -> 176 | AE20: =IF($D20=AE$1,$E20+$V20,(IF($J20=AE$1,$K20+$W20,AE19))) -> 2109 | AF20: =IF($D20=AF$1,$E20+$V20,(IF($J20=AF$1,$K20+$W20,AF19))) -> 2063 | AG20: =IF($D20=AG$1,$E20+$V20,(IF($J20=AG$1,$K20+$W20,AG19))) -> 1127 | AH20: =IF($D20=AH$1,$E20+$V20,(IF($J20=AH$1,$K20+$W20,AH19))) -> 1021 | ... BL20: =IF($D20=BL$1,$E20+$V20,(IF($J20=BL$1,$K20+$W20,BL19))) -> 927
... A136: 45410 | B136: Provincial | D136: Cork | E136: =HLOOKUP(D136,AA$1:CB$10077,ROW()-1,FALSE) -> 2076 | F136: 3 | G136: 24 | H136: =F136*3+G136 -> 33 | J136: Clare | K136: =HLOOKUP(J136,AA$1:CB$10077,ROW()-1,FALSE) -> 2162 | L136: 3 | M136: 26 | N136: =L136*3+M136 -> 35 | P136: Y | R136: =MIN(Rules!$E$2,(MAX(H136/N136,N136/H136))) -> 1.0606061 | S136: =VLOOKUP(B136,Rules!A:B,2,FALSE) -> 60 | U136: =1/(10^(-(E136+(IF(P136="Y",Rules!$I$2,0))-K136)/Rules!$E$12)+1) -> 0.57315394 | V136: =ROUND(IF(H136>N136,(S136*R136*(1-U136)),IF(H136<N136,(S136*R136*(0-U136)),S136*R136*(0.5-U136))),0) -> -36 | W136: =-1*V136 -> 36 | AA136: =IF($D136=AA$1,$E136+$V136,(IF($J136=AA$1,$K136+$W136,AA135))) -> 1558 | AB136: =IF($D136=AB$1,$E136+$V136,(IF($J136=AB$1,$K136+$W136,AB135))) -> 625 | AC136: =IF($D136=AC$1,$E136+$V136,(IF($J136=AC$1,$K136+$W136,AC135))) -> 1452 | AD136: =IF($D136=AD$1,$E136+$V136,(IF($J136=AD$1,$K136+$W136,AD135))) -> 348 | AE136: =IF($D136=AE$1,$E136+$V136,(IF($J136=AE$1,$K136+$W136,AE135))) -> 2198 | AF136: =IF($D136=AF$1,$E136+$V136,(IF($J136=AF$1,$K136+$W136,AF135))) -> 2040 | AG136: =IF($D136=AG$1,$E136+$V136,(IF($J136=AG$1,$K136+$W136,AG135))) -> 1190 | AH136: =IF($D136=AH$1,$E136+$V136,(IF($J136=AH$1,$K136+$W136,AH135))) -> 1042 | ... BL136: =IF($D136=BL$1,$E136+$V136,(IF($J136=BL$1,$K136+$W136,BL135))) -> 828
A137: 45410 | B137: Provincial | D137: Limerick | E137: =HLOOKUP(D137,AA$1:CB$10077,ROW()-1,FALSE) -> 2400 | F137: 2 | G137: 27 | H137: =F137*3+G137 -> 33 | J137: Tipperary | K137: =HLOOKUP(J137,AA$1:CB$10077,ROW()-1,FALSE) -> 2062 | L137: 0 | M137: 18 | N137: =L137*3+M137 -> 18 | P137: Y | R137: =MIN(Rules!$E$2,(MAX(H137/N137,N137/H137))) -> 1.8333333 | S137: =VLOOKUP(B137,Rules!A:B,2,FALSE) -> 60 | U137: =1/(10^(-(E137+(IF(P137="Y",Rules!$I$2,0))-K137)/Rules!$E$12)+1) -> 0.90441938 | V137: =ROUND(IF(H137>N137,(S137*R137*(1-U137)),IF(H137<N137,(S137*R137*(0-U137)),S137*R137*(0.5-U137))),0) -> 11 | W137: =-1*V137 -> -11 | AA137: =IF($D137=AA$1,$E137+$V137,(IF($J137=AA$1,$K137+$W137,AA135))) -> 1558 | AB137: =IF($D137=AB$1,$E137+$V137,(IF($J137=AB$1,$K137+$W137,AB135))) -> 625 | AC137: =IF($D137=AC$1,$E137+$V137,(IF($J137=AC$1,$K137+$W137,AC135))) -> 1452 | AD137: =IF($D137=AD$1,$E137+$V137,(IF($J137=AD$1,$K137+$W137,AD135))) -> 348 | AE137: =IF($D137=AE$1,$E137+$V137,(IF($J137=AE$1,$K137+$W137,AE135))) -> 2162 | AF137: =IF($D137=AF$1,$E137+$V137,(IF($J137=AF$1,$K137+$W137,AF135))) -> 2076 | AG137: =IF($D137=AG$1,$E137+$V137,(IF($J137=AG$1,$K137+$W137,AG135))) -> 1190 | AH137: =IF($D137=AH$1,$E137+$V137,(IF($J137=AH$1,$K137+$W137,AH135))) -> 1042 | ... BL137: =IF($D137=BL$1,$E137+$V137,(IF($J137=BL$1,$K137+$W137,BL135))) -> 828
A138: 45410 | B138: Secondary | D138: Kerry | E138: =HLOOKUP(D138,AA$1:CB$10077,ROW()-1,FALSE) -> 1349 | F138: 0 | G138: 26 | H138: =F138*3+G138 -> 26 | J138: Down | K138: =HLOOKUP(J138,AA$1:CB$10077,ROW()-1,FALSE) -> 1224 | L138: 2 | M138: 12 | N138: =L138*3+M138 -> 18 | P138: Y | R138: =MIN(Rules!$E$2,(MAX(H138/N138,N138/H138))) -> 1.4444444 | S138: =VLOOKUP(B138,Rules!A:B,2,FALSE) -> 50 | U138: =1/(10^(-(E138+(IF(P138="Y",Rules!$I$2,0))-K138)/Rules!$E$12)+1) -> 0.7801296 | V138: =ROUND(IF(H138>N138,(S138*R138*(1-U138)),IF(H138<N138,(S138*R138*(0-U138)),S138*R138*(0.5-U138))),0) -> 16 | W138: =-1*V138 -> -16 | AA138: =IF($D138=AA$1,$E138+$V138,(IF($J138=AA$1,$K138+$W138,AA137))) -> 1558 | AB138: =IF($D138=AB$1,$E138+$V138,(IF($J138=AB$1,$K138+$W138,AB137))) -> 625 | AC138: =IF($D138=AC$1,$E138+$V138,(IF($J138=AC$1,$K138+$W138,AC137))) -> 1452 | AD138: =IF($D138=AD$1,$E138+$V138,(IF($J138=AD$1,$K138+$W138,AD137))) -> 348 | AE138: =IF($D138=AE$1,$E138+$V138,(IF($J138=AE$1,$K138+$W138,AE137))) -> 2162 | AF138: =IF($D138=AF$1,$E138+$V138,(IF($J138=AF$1,$K138+$W138,AF137))) -> 2076 | AG138: =IF($D138=AG$1,$E138+$V138,(IF($J138=AG$1,$K138+$W138,AG137))) -> 1190 | AH138: =IF($D138=AH$1,$E138+$V138,(IF($J138=AH$1,$K138+$W138,AH137))) -> 1042 | ... BL138: =IF($D138=BL$1,$E138+$V138,(IF($J138=BL$1,$K138+$W138,BL137))) -> 828
A139: 45410 | B139: Secondary | D139: Armagh | E139: =HLOOKUP(D139,AA$1:CB$10077,ROW()-1,FALSE) -> 625 | F139: 0 | G139: 20 | H139: =F139*3+G139 -> 20 | J139: Roscommon | K139: =HLOOKUP(J139,AA$1:CB$10077,ROW()-1,FALSE) -> 814 | L139: 0 | M139: 21 | N139: =L139*3+M139 -> 21 | P139: Y | R139: =MIN(Rules!$E$2,(MAX(H139/N139,N139/H139))) -> 1.05 | S139: =VLOOKUP(B139,Rules!A:B,2,FALSE) -> 50 | U139: =1/(10^(-(E139+(IF(P139="Y",Rules!$I$2,0))-K139)/Rules!$E$12)+1) -> 0.4552199 | V139: =ROUND(IF(H139>N139,(S139*R139*(1-U139)),IF(H139<N139,(S139*R139*(0-U139)),S139*R139*(0.5-U139))),0) -> -24 | W139: =-1*V139 -> 24 | AA139: =IF($D139=AA$1,$E139+$V139,(IF($J139=AA$1,$K139+$W139,AA138))) -> 1558 | AB139: =IF($D139=AB$1,$E139+$V139,(IF($J139=AB$1,$K139+$W139,AB138))) -> 601 | AC139: =IF($D139=AC$1,$E139+$V139,(IF($J139=AC$1,$K139+$W139,AC138))) -> 1452 | AD139: =IF($D139=AD$1,$E139+$V139,(IF($J139=AD$1,$K139+$W139,AD138))) -> 348 | AE139: =IF($D139=AE$1,$E139+$V139,(IF($J139=AE$1,$K139+$W139,AE138))) -> 2162 | AF139: =IF($D139=AF$1,$E139+$V139,(IF($J139=AF$1,$K139+$W139,AF138))) -> 2076 | AG139: =IF($D139=AG$1,$E139+$V139,(IF($J139=AG$1,$K139+$W139,AG138))) -> 1190 | AH139: =IF($D139=AH$1,$E139+$V139,(IF($J139=AH$1,$K139+$W139,AH138))) -> 1042 | ... BL139: =IF($D139=BL$1,$E139+$V139,(IF($J139=BL$1,$K139+$W139,BL138))) -> 828
A140: 45410 | B140: Secondary | D140: Warwickshire | E140: =HLOOKUP(D140,AA$1:CB$10077,ROW()-1,FALSE) -> 293 | F140: 0 | G140: 8 | H140: =F140*3+G140 -> 8 | J140: Fermanagh | K140: =HLOOKUP(J140,AA$1:CB$10077,ROW()-1,FALSE) -> 500 | L140: 3 | M140: 27 | N140: =L140*3+M140 -> 36 | P140: Y | R140: =MIN(Rules!$E$2,(MAX(H140/N140,N140/H140))) -> 2 | S140: =VLOOKUP(B140,Rules!A:B,2,FALSE) -> 50 | U140: =1/(10^(-(E140+(IF(P140="Y",Rules!$I$2,0))-K140)/Rules!$E$12)+1) -> 0.43475055 | V140: =ROUND(IF(H140>N140,(S140*R140*(1-U140)),IF(H140<N140,(S140*R140*(0-U140)),S140*R140*(0.5-U140))),0) -> -43 | W140: =-1*V140 -> 43 | AA140: =IF($D140=AA$1,$E140+$V140,(IF($J140=AA$1,$K140+$W140,AA139))) -> 1558 | AB140: =IF($D140=AB$1,$E140+$V140,(IF($J140=AB$1,$K140+$W140,AB139))) -> 601 | AC140: =IF($D140=AC$1,$E140+$V140,(IF($J140=AC$1,$K140+$W140,AC139))) -> 1452 | AD140: =IF($D140=AD$1,$E140+$V140,(IF($J140=AD$1,$K140+$W140,AD139))) -> 348 | AE140: =IF($D140=AE$1,$E140+$V140,(IF($J140=AE$1,$K140+$W140,AE139))) -> 2162 | AF140: =IF($D140=AF$1,$E140+$V140,(IF($J140=AF$1,$K140+$W140,AF139))) -> 2076 | AG140: =IF($D140=AG$1,$E140+$V140,(IF($J140=AG$1,$K140+$W140,AG139))) -> 1190 | AH140: =IF($D140=AH$1,$E140+$V140,(IF($J140=AH$1,$K140+$W140,AH139))) -> 1042 | ... BL140: =IF($D140=BL$1,$E140+$V140,(IF($J140=BL$1,$K140+$W140,BL139))) -> 828
A141: 45416 | B141: Provincial | D141: Wexford | E141: =HLOOKUP(D141,AA$1:CB$10077,ROW()-1,FALSE) -> 1805 | F141: 1 | G141: 28 | H141: =F141*3+G141 -> 31 | J141: Galway | K141: =HLOOKUP(J141,AA$1:CB$10077,ROW()-1,FALSE) -> 2123 | L141: 0 | M141: 23 | N141: =L141*3+M141 -> 23 | P141: Y | R141: =MIN(Rules!$E$2,(MAX(H141/N141,N141/H141))) -> 1.3478261 | S141: =VLOOKUP(B141,Rules!A:B,2,FALSE) -> 60 | U141: =1/(10^(-(E141+(IF(P141="Y",Rules!$I$2,0))-K141)/Rules!$E$12)+1) -> 0.31568605 | V141: =ROUND(IF(H141>N141,(S141*R141*(1-U141)),IF(H141<N141,(S141*R141*(0-U141)),S141*R141*(0.5-U141))),0) -> 55 | W141: =-1*V141 -> -55 | AA141: =IF($D141=AA$1,$E141+$V141,(IF($J141=AA$1,$K141+$W141,AA140))) -> 1558 | AB141: =IF($D141=AB$1,$E141+$V141,(IF($J141=AB$1,$K141+$W141,AB140))) -> 601 | AC141: =IF($D141=AC$1,$E141+$V141,(IF($J141=AC$1,$K141+$W141,AC140))) -> 1452 | AD141: =IF($D141=AD$1,$E141+$V141,(IF($J141=AD$1,$K141+$W141,AD140))) -> 348 | AE141: =IF($D141=AE$1,$E141+$V141,(IF($J141=AE$1,$K141+$W141,AE140))) -> 2162 | AF141: =IF($D141=AF$1,$E141+$V141,(IF($J141=AF$1,$K141+$W141,AF140))) -> 2076 | AG141: =IF($D141=AG$1,$E141+$V141,(IF($J141=AG$1,$K141+$W141,AG140))) -> 1190 | AH141: =IF($D141=AH$1,$E141+$V141,(IF($J141=AH$1,$K141+$W141,AH140))) -> 1042 | ... BL141: =IF($D141=BL$1,$E141+$V141,(IF($J141=BL$1,$K141+$W141,BL140))) -> 828
A142: 45416 | B142: Provincial | D142: Waterford | E142: =HLOOKUP(D142,AA$1:CB$10077,ROW()-1,FALSE) -> 1938 | F142: 3 | G142: 21 | H142: =F142*3+G142 -> 30 | J142: Tipperary | K142: =HLOOKUP(J142,AA$1:CB$10077,ROW()-1,FALSE) -> 2051 | L142: 1 | M142: 27 | N142: =L142*3+M142 -> 30 | P142: Y | R142: =MIN(Rules!$E$2,(MAX(H142/N142,N142/H142))) -> 1 | S142: =VLOOKUP(B142,Rules!A:B,2,FALSE) -> 60 | U142: =1/(10^(-(E142+(IF(P142="Y",Rules!$I$2,0))-K142)/Rules!$E$12)+1) -> 0.54249506 | V142: =ROUND(IF(H142>N142,(S142*R142*(1-U142)),IF(H142<N142,(S142*R142*(0-U142)),S142*R142*(0.5-U142))),0) -> -3 | W142: =-1*V142 -> 3 | AA142: =IF($D142=AA$1,$E142+$V142,(IF($J142=AA$1,$K142+$W142,AA141))) -> 1558 | AB142: =IF($D142=AB$1,$E142+$V142,(IF($J142=AB$1,$K142+$W142,AB141))) -> 601 | AC142: =IF($D142=AC$1,$E142+$V142,(IF($J142=AC$1,$K142+$W142,AC141))) -> 1452 | AD142: =IF($D142=AD$1,$E142+$V142,(IF($J142=AD$1,$K142+$W142,AD141))) -> 348 | AE142: =IF($D142=AE$1,$E142+$V142,(IF($J142=AE$1,$K142+$W142,AE141))) -> 2162 | AF142: =IF($D142=AF$1,$E142+$V142,(IF($J142=AF$1,$K142+$W142,AF141))) -> 2076 | AG142: =IF($D142=AG$1,$E142+$V142,(IF($J142=AG$1,$K142+$W142,AG141))) -> 1190 | AH142: =IF($D142=AH$1,$E142+$V142,(IF($J142=AH$1,$K142+$W142,AH141))) -> 1042 | ... BL142: =IF($D142=BL$1,$E142+$V142,(IF($J142=BL$1,$K142+$W142,BL141))) -> 828
A143: 45416 | B143: Secondary | D143: Down | E143: =HLOOKUP(D143,AA$1:CB$10077,ROW()-1,FALSE) -> 1208 | F143: 3 | G143: 19 | H143: =F143*3+G143 -> 28 | J143: Westmeath | K143: =HLOOKUP(J143,AA$1:CB$10077,ROW()-1,FALSE) -> 1454 | L143: 1 | M143: 25 | N143: =L143*3+M143 -> 28 | P143: Y | R143: =MIN(Rules!$E$2,(MAX(H143/N143,N143/H143))) -> 1 | S143: =VLOOKUP(B143,Rules!A:B,2,FALSE) -> 50 | U143: =1/(10^(-(E143+(IF(P143="Y",Rules!$I$2,0))-K143)/Rules!$E$12)+1) -> 0.39124157 | V143: =ROUND(IF(H143>N143,(S143*R143*(1-U143)),IF(H143<N143,(S143*R143*(0-U143)),S143*R143*(0.5-U143))),0) -> 5 | W143: =-1*V143 -> -5 | AA143: =IF($D143=AA$1,$E143+$V143,(IF($J143=AA$1,$K143+$W143,AA142))) -> 1558 | AB143: =IF($D143=AB$1,$E143+$V143,(IF($J143=AB$1,$K143+$W143,AB142))) -> 601 | AC143: =IF($D143=AC$1,$E143+$V143,(IF($J143=AC$1,$K143+$W143,AC142))) -> 1452 | AD143: =IF($D143=AD$1,$E143+$V143,(IF($J143=AD$1,$K143+$W143,AD142))) -> 348 | AE143: =IF($D143=AE$1,$E143+$V143,(IF($J143=AE$1,$K143+$W143,AE142))) -> 2162 | AF143: =IF($D143=AF$1,$E143+$V143,(IF($J143=AF$1,$K143+$W143,AF142))) -> 2076 | AG143: =IF($D143=AG$1,$E143+$V143,(IF($J143=AG$1,$K143+$W143,AG142))) -> 1190 | AH143: =IF($D143=AH$1,$E143+$V143,(IF($J143=AH$1,$K143+$W143,AH142))) -> 1042 | ... BL143: =IF($D143=BL$1,$E143+$V143,(IF($J143=BL$1,$K143+$W143,BL142))) -> 828
A144: 45416 | B144: Secondary | D144: Kerry | E144: =HLOOKUP(D144,AA$1:CB$10077,ROW()-1,FALSE) -> 1365 | F144: 0 | G144: 18 | H144: =F144*3+G144 -> 18 | J144: Laois | K144: =HLOOKUP(J144,AA$1:CB$10077,ROW()-1,FALSE) -> 1614 | L144: 1 | M144: 25 | N144: =L144*3+M144 -> 28 | P144: Y | R144: =MIN(Rules!$E$2,(MAX(H144/N144,N144/H144))) -> 1.5555556 | S144: =VLOOKUP(B144,Rules!A:B,2,FALSE) -> 50 | U144: =1/(10^(-(E144+(IF(P144="Y",Rules!$I$2,0))-K144)/Rules!$E$12)+1) -> 0.38795609 | V144: =ROUND(IF(H144>N144,(S144*R144*(1-U144)),IF(H144<N144,(S144*R144*(0-U144)),S144*R144*(0.5-U144))),0) -> -30 | W144: =-1*V144 -> 30 | AA144: =IF($D144=AA$1,$E144+$V144,(IF($J144=AA$1,$K144+$W144,AA143))) -> 1558 | AB144: =IF($D144=AB$1,$E144+$V144,(IF($J144=AB$1,$K144+$W144,AB143))) -> 601 | AC144: =IF($D144=AC$1,$E144+$V144,(IF($J144=AC$1,$K144+$W144,AC143))) -> 1452 | AD144: =IF($D144=AD$1,$E144+$V144,(IF($J144=AD$1,$K144+$W144,AD143))) -> 348 | AE144: =IF($D144=AE$1,$E144+$V144,(IF($J144=AE$1,$K144+$W144,AE143))) -> 2162 | AF144: =IF($D144=AF$1,$E144+$V144,(IF($J144=AF$1,$K144+$W144,AF143))) -> 2076 | AG144: =IF($D144=AG$1,$E144+$V144,(IF($J144=AG$1,$K144+$W144,AG143))) -> 1190 | AH144: =IF($D144=AH$1,$E144+$V144,(IF($J144=AH$1,$K144+$W144,AH143))) -> 1042 | ... BL144: =IF($D144=BL$1,$E144+$V144,(IF($J144=BL$1,$K144+$W144,BL143))) -> 828
A145: 45416 | B145: Secondary | D145: Meath | E145: =HLOOKUP(D145,AA$1:CB$10077,ROW()-1,FALSE) -> 1137 | F145: 3 | G145: 16 | H145: =F145*3+G145 -> 25 | J145: Offaly | K145: =HLOOKUP(J145,AA$1:CB$10077,ROW()-1,FALSE) -> 1504 | L145: 5 | M145: 31 | N145: =L145*3+M145 -> 46 | P145: Y | R145: =MIN(Rules!$E$2,(MAX(H145/N145,N145/H145))) -> 1.84 | S145: =VLOOKUP(B145,Rules!A:B,2,FALSE) -> 50 | U145: =1/(10^(-(E145+(IF(P145="Y",Rules!$I$2,0))-K145)/Rules!$E$12)+1) -> 0.26907476 | V145: =ROUND(IF(H145>N145,(S145*R145*(1-U145)),IF(H145<N145,(S145*R145*(0-U145)),S145*R145*(0.5-U145))),0) -> -25 | W145: =-1*V145 -> 25 | AA145: =IF($D145=AA$1,$E145+$V145,(IF($J145=AA$1,$K145+$W145,AA144))) -> 1558 | AB145: =IF($D145=AB$1,$E145+$V145,(IF($J145=AB$1,$K145+$W145,AB144))) -> 601 | AC145: =IF($D145=AC$1,$E145+$V145,(IF($J145=AC$1,$K145+$W145,AC144))) -> 1452 | AD145: =IF($D145=AD$1,$E145+$V145,(IF($J145=AD$1,$K145+$W145,AD144))) -> 348 | AE145: =IF($D145=AE$1,$E145+$V145,(IF($J145=AE$1,$K145+$W145,AE144))) -> 2162 | AF145: =IF($D145=AF$1,$E145+$V145,(IF($J145=AF$1,$K145+$W145,AF144))) -> 2076 | AG145: =IF($D145=AG$1,$E145+$V145,(IF($J145=AG$1,$K145+$W145,AG144))) -> 1190 | AH145: =IF($D145=AH$1,$E145+$V145,(IF($J145=AH$1,$K145+$W145,AH144))) -> 1042 | ... BL145: =IF($D145=BL$1,$E145+$V145,(IF($J145=BL$1,$K145+$W145,BL144))) -> 828
A146: 45423 | B146: Provincial | D146: Carlow | E146: =HLOOKUP(D146,AA$1:CB$10077,ROW()-1,FALSE) -> 1452 | F146: 1 | G146: 20 | H146: =F146*3+G146 -> 23 | J146: Kilkenny | K146: =HLOOKUP(J146,AA$1:CB$10077,ROW()-1,FALSE) -> 2190 | L146: 1 | M146: 20 | N146: =L146*3+M146 -> 23 | P146: Y | R146: =MIN(Rules!$E$2,(MAX(H146/N146,N146/H146))) -> 1 | S146: =VLOOKUP(B146,Rules!A:B,2,FALSE) -> 60 | U146: =1/(10^(-(E146+(IF(P146="Y",Rules!$I$2,0))-K146)/Rules!$E$12)+1) -> 0.062512314 | V146: =ROUND(IF(H146>N146,(S146*R146*(1-U146)),IF(H146<N146,(S146*R146*(0-U146)),S146*R146*(0.5-U146))),0) -> 26 | W146: =-1*V146 -> -26 | AA146: =IF($D146=AA$1,$E146+$V146,(IF($J146=AA$1,$K146+$W146,AA145))) -> 1558 | AB146: =IF($D146=AB$1,$E146+$V146,(IF($J146=AB$1,$K146+$W146,AB145))) -> 601 | AC146: =IF($D146=AC$1,$E146+$V146,(IF($J146=AC$1,$K146+$W146,AC145))) -> 1478 | AD146: =IF($D146=AD$1,$E146+$V146,(IF($J146=AD$1,$K146+$W146,AD145))) -> 348 | AE146: =IF($D146=AE$1,$E146+$V146,(IF($J146=AE$1,$K146+$W146,AE145))) -> 2162 | AF146: =IF($D146=AF$1,$E146+$V146,(IF($J146=AF$1,$K146+$W146,AF145))) -> 2076 | AG146: =IF($D146=AG$1,$E146+$V146,(IF($J146=AG$1,$K146+$W146,AG145))) -> 1190 | AH146: =IF($D146=AH$1,$E146+$V146,(IF($J146=AH$1,$K146+$W146,AH145))) -> 1042 | ... BL146: =IF($D146=BL$1,$E146+$V146,(IF($J146=BL$1,$K146+$W146,BL145))) -> 828
A147: 45423 | B147: Provincial | D147: Dublin | E147: =HLOOKUP(D147,AA$1:CB$10077,ROW()-1,FALSE) -> 1866 | F147: 3 | G147: 22 | H147: =F147*3+G147 -> 31 | J147: Antrim | K147: =HLOOKUP(J147,AA$1:CB$10077,ROW()-1,FALSE) -> 1558 | L147: 1 | M147: 18 | N147: =L147*3+M147 -> 21 | P147: Y | R147: =MIN(Rules!$E$2,(MAX(H147/N147,N147/H147))) -> 1.4761905 | S147: =VLOOKUP(B147,Rules!A:B,2,FALSE) -> 60 | U147: =1/(10^(-(E147+(IF(P147="Y",Rules!$I$2,0))-K147)/Rules!$E$12)+1) -> 0.89179107 | V147: =ROUND(IF(H147>N147,(S147*R147*(1-U147)),IF(H147<N147,(S147*R147*(0-U147)),S147*R147*(0.5-U147))),0) -> 10 | W147: =-1*V147 -> -10 | AA147: =IF($D147=AA$1,$E147+$V147,(IF($J147=AA$1,$K147+$W147,AA146))) -> 1548 | AB147: =IF($D147=AB$1,$E147+$V147,(IF($J147=AB$1,$K147+$W147,AB146))) -> 601 | AC147: =IF($D147=AC$1,$E147+$V147,(IF($J147=AC$1,$K147+$W147,AC146))) -> 1478 | AD147: =IF($D147=AD$1,$E147+$V147,(IF($J147=AD$1,$K147+$W147,AD146))) -> 348 | AE147: =IF($D147=AE$1,$E147+$V147,(IF($J147=AE$1,$K147+$W147,AE146))) -> 2162 | AF147: =IF($D147=AF$1,$E147+$V147,(IF($J147=AF$1,$K147+$W147,AF146))) -> 2076 | AG147: =IF($D147=AG$1,$E147+$V147,(IF($J147=AG$1,$K147+$W147,AG146))) -> 1190 | AH147: =IF($D147=AH$1,$E147+$V147,(IF($J147=AH$1,$K147+$W147,AH146))) -> 1042 | ... BL147: =IF($D147=BL$1,$E147+$V147,(IF($J147=BL$1,$K147+$W147,BL146))) -> 828
A148: 45423 | B148: Provincial | D148: Cork | E148: =HLOOKUP(D148,AA$1:CB$10077,ROW()-1,FALSE) -> 2076 | F148: 3 | G148: 28 | H148: =F148*3+G148 -> 37 | J148: Limerick | K148: =HLOOKUP(J148,AA$1:CB$10077,ROW()-1,FALSE) -> 2411 | L148: 3 | M148: 26 | N148: =L148*3+M148 -> 35 | P148: Y | R148: =MIN(Rules!$E$2,(MAX(H148/N148,N148/H148))) -> 1.0571429 | S148: =VLOOKUP(B148,Rules!A:B,2,FALSE) -> 60 | U148: =1/(10^(-(E148+(IF(P148="Y",Rules!$I$2,0))-K148)/Rules!$E$12)+1) -> 0.2990226 | V148: =ROUND(IF(H148>N148,(S148*R148*(1-U148)),IF(H148<N148,(S148*R148*(0-U148)),S148*R148*(0.5-U148))),0) -> 44 | W148: =-1*V148 -> -44 | AA148: =IF($D148=AA$1,$E148+$V148,(IF($J148=AA$1,$K148+$W148,AA147))) -> 1548 | AB148: =IF($D148=AB$1,$E148+$V148,(IF($J148=AB$1,$K148+$W148,AB147))) -> 601 | AC148: =IF($D148=AC$1,$E148+$V148,(IF($J148=AC$1,$K148+$W148,AC147))) -> 1478 | AD148: =IF($D148=AD$1,$E148+$V148,(IF($J148=AD$1,$K148+$W148,AD147))) -> 348 | AE148: =IF($D148=AE$1,$E148+$V148,(IF($J148=AE$1,$K148+$W148,AE147))) -> 2162 | AF148: =IF($D148=AF$1,$E148+$V148,(IF($J148=AF$1,$K148+$W148,AF147))) -> 2120 | AG148: =IF($D148=AG$1,$E148+$V148,(IF($J148=AG$1,$K148+$W148,AG147))) -> 1190 | AH148: =IF($D148=AH$1,$E148+$V148,(IF($J148=AH$1,$K148+$W148,AH147))) -> 1042 | ... BL148: =IF($D148=BL$1,$E148+$V148,(IF($J148=BL$1,$K148+$W148,BL147))) -> 828
A149: 45423 | B149: Secondary | D149: Derry | E149: =HLOOKUP(D149,AA$1:CB$10077,ROW()-1,FALSE) -> 1190 | F149: 2 | G149: 22 | H149: =F149*3+G149 -> 28 | J149: London | K149: =HLOOKUP(J149,AA$1:CB$10077,ROW()-1,FALSE) -> 1011 | L149: 2 | M149: 13 | N149: =L149*3+M149 -> 19 | P149: Y | R149: =MIN(Rules!$E$2,(MAX(H149/N149,N149/H149))) -> 1.4736842 | S149: =VLOOKUP(B149,Rules!A:B,2,FALSE) -> 50 | U149: =1/(10^(-(E149+(IF(P149="Y",Rules!$I$2,0))-K149)/Rules!$E$12)+1) -> 0.81981594 | V149: =ROUND(IF(H149>N149,(S149*R149*(1-U149)),IF(H149<N149,(S149*R149*(0-U149)),S149*R149*(0.5-U149))),0) -> 13 | W149: =-1*V149 -> -13 | AA149: =IF($D149=AA$1,$E149+$V149,(IF($J149=AA$1,$K149+$W149,AA148))) -> 1548 | AB149: =IF($D149=AB$1,$E149+$V149,(IF($J149=AB$1,$K149+$W149,AB148))) -> 601 | AC149: =IF($D149=AC$1,$E149+$V149,(IF($J149=AC$1,$K149+$W149,AC148))) -> 1478 | AD149: =IF($D149=AD$1,$E149+$V149,(IF($J149=AD$1,$K149+$W149,AD148))) -> 348 | AE149: =IF($D149=AE$1,$E149+$V149,(IF($J149=AE$1,$K149+$W149,AE148))) -> 2162 | AF149: =IF($D149=AF$1,$E149+$V149,(IF($J149=AF$1,$K149+$W149,AF148))) -> 2120 | AG149: =IF($D149=AG$1,$E149+$V149,(IF($J149=AG$1,$K149+$W149,AG148))) -> 1203 | AH149: =IF($D149=AH$1,$E149+$V149,(IF($J149=AH$1,$K149+$W149,AH148))) -> 1042 | ... BL149: =IF($D149=BL$1,$E149+$V149,(IF($J149=BL$1,$K149+$W149,BL148))) -> 828
... A195: 45494 | B195: All-Ireland | D195: Clare | E195: =HLOOKUP(D195,AA$1:CB$10077,ROW()-1,FALSE) -> 2251 | F195: 3 | G195: 29 | H195: =F195*3+G195 -> 38 | J195: Cork | K195: =HLOOKUP(J195,AA$1:CB$10077,ROW()-1,FALSE) -> 2275 | L195: 1 | M195: 34 | N195: =L195*3+M195 -> 37 | P195: N | R195: =MIN(Rules!$E$2,(MAX(H195/N195,N195/H195))) -> 1.027027 | S195: =VLOOKUP(B195,Rules!A:B,2,FALSE) -> 80 | U195: =1/(10^(-(E195+(IF(P195="Y",Rules!$I$2,0))-K195)/Rules!$E$12)+1) -> 0.47239707 | V195: =ROUND(IF(H195>N195,(S195*R195*(1-U195)),IF(H195<N195,(S195*R195*(0-U195)),S195*R195*(0.5-U195))),0) -> 43 | W195: =-1*V195 -> -43 | AA195: =IF($D195=AA$1,$E195+$V195,(IF($J195=AA$1,$K195+$W195,AA194))) -> 1549 | AB195: =IF($D195=AB$1,$E195+$V195,(IF($J195=AB$1,$K195+$W195,AB194))) -> 605 | AC195: =IF($D195=AC$1,$E195+$V195,(IF($J195=AC$1,$K195+$W195,AC194))) -> 1428 | AD195: =IF($D195=AD$1,$E195+$V195,(IF($J195=AD$1,$K195+$W195,AD194))) -> 377 | AE195: =IF($D195=AE$1,$E195+$V195,(IF($J195=AE$1,$K195+$W195,AE194))) -> 2294 | AF195: =IF($D195=AF$1,$E195+$V195,(IF($J195=AF$1,$K195+$W195,AF194))) -> 2232 | AG195: =IF($D195=AG$1,$E195+$V195,(IF($J195=AG$1,$K195+$W195,AG194))) -> 1198 | AH195: =IF($D195=AH$1,$E195+$V195,(IF($J195=AH$1,$K195+$W195,AH194))) -> 1104 | ... BL195: =IF($D195=BL$1,$E195+$V195,(IF($J195=BL$1,$K195+$W195,BL194))) -> 822

Sheet 2023
A1: Date | B1: Grade | D1: Team 1 | E1: Elo | F1: G | G1: P | H1: Sc | J1: Team 2 | K1: Elo | L1: G | M1: P | N1: Sc | P1: Home? | R1: Margin* | S1: Weight | U1: T1 win odds | V1: Result T1 | W1: Result T2 | AA1: Antrim | AB1: Armagh | AC1: Carlow | AD1: Cavan | AE1: Clare | AF1: Cork | AG1: Derry | AH1: Donegal | AI1: Down | AJ1: Dublin | AK1: Fermanagh | AL1: Fingal | AM1: Galway | AN1: Kerry | AO1: Kildare | AP1: Kilkenny | AQ1: Lancashire | AR1: Laois | AS1: Leitrim | AT1: Limerick | AU1: London | AV1: Longford | AW1: Louth | AX1: Mayo | AY1: Meath | AZ1: Monaghan | BA1: New York | BB1: Offaly | BC1: Roscommon | BD1: Sligo | BE1: South Down | BF1: Tipperary | BG1: Tyrone | BH1: Warwickshire | BI1: Waterford | BJ1: Westmeath | BK1: Wexford | BL1: Wicklow
Z2: opening | AA2: =LOOKUP(9.999E+307,'2022'!AA:AA) -> 1550 | AB2: =LOOKUP(9.999E+307,'2022'!AB:AB) -> 773 | AC2: =LOOKUP(9.999E+307,'2022'!AC:AC) -> 1419 | AD2: =LOOKUP(9.999E+307,'2022'!AD:AD) -> -37 | AE2: =LOOKUP(9.999E+307,'2022'!AE:AE) -> 2015 | AF2: =LOOKUP(9.999E+307,'2022'!AF:AF) -> 2088 | AG2: =LOOKUP(9.999E+307,'2022'!AG:AG) -> 1203 | AH2: =LOOKUP(9.999E+307,'2022'!AH:AH) -> 987 | AI2: =LOOKUP(9.999E+307,'2022'!AI:AI) -> 1289 | AJ2: =LOOKUP(9.999E+307,'2022'!AJ:AJ) -> 1823 | AK2: =LOOKUP(9.999E+307,'2022'!AK:AK) -> 402 | AL2: =LOOKUP(9.999E+307,'2022'!AL:AL) -> 717 | AM2: =LOOKUP(9.999E+307,'2022'!AM:AM) -> 2098 | AN2: =LOOKUP(9.999E+307,'2022'!AN:AN) -> 1395 | AO2: =LOOKUP(9.999E+307,'2022'!AO:AO) -> 1296 | AP2: =LOOKUP(9.999E+307,'2022'!AP:AP) -> 2137 | AQ2: =LOOKUP(9.999E+307,'2022'!AQ:AQ) -> 262 | AR2: =LOOKUP(9.999E+307,'2022'!AR:AR) -> 1404 | AS2: =LOOKUP(9.999E+307,'2022'!AS:AS) -> 329 | AT2: =LOOKUP(9.999E+307,'2022'!AT:AT) -> 2356 | AU2: =LOOKUP(9.999E+307,'2022'!AU:AU) -> 889 | AV2: =LOOKUP(9.999E+307,'2022'!AV:AV) -> 373 | AW2: =LOOKUP(9.999E+307,'2022'!AW:AW) -> 442 | AX2: =LOOKUP(9.999E+307,'2022'!AX:AX) -> 971 | AY2: =LOOKUP(9.999E+307,'2022'!AY:AY) -> 1064 | AZ2: =LOOKUP(9.999E+307,'2022'!AZ:AZ) -> 567 | BA2: =LOOKUP(9.999E+307,'2022'!BA:BA) -> 0 | BB2: =LOOKUP(9.999E+307,'2022'!BB:BB) -> 1481 | BC2: =LOOKUP(9.999E+307,'2022'!BC:BC) -> 905 | BD2: =LOOKUP(9.999E+307,'2022'!BD:BD) -> 873 | BE2: =LOOKUP(9.999E+307,'2022'!BE:BE) -> 638 | BF2: =LOOKUP(9.999E+307,'2022'!BF:BF) -> 1951 | BG2: =LOOKUP(9.999E+307,'2022'!BG:BG) -> 964 | BH2: =LOOKUP(9.999E+307,'2022'!BH:BH) -> 450 | BI2: =LOOKUP(9.999E+307,'2022'!BI:BI) -> 2011 | BJ2: =LOOKUP(9.999E+307,'2022'!BJ:BJ) -> 1576 | BK2: =LOOKUP(9.999E+307,'2022'!BK:BK) -> 1972 | BL2: =LOOKUP(9.999E+307,'2022'!BL:BL) -> 801
A3: 44961 | B3: League | D3: Wexford | E3: =HLOOKUP(D3,AA$1:CB$10075,ROW()-1,FALSE) -> 1972 | F3: 0 | G3: 18 | H3: =F3*3+G3 -> 18 | J3: Galway | K3: =HLOOKUP(J3,AA$1:CB$10075,ROW()-1,FALSE) -> 2098 | L3: 0 | M3: 23 | N3: =L3*3+M3 -> 23 | P3: Y | R3: =MIN(Rules!$E$2,(MAX(H3/N3,N3/H3))) -> 1.2777778 | S3: =VLOOKUP(B3,Rules!A:B,2,FALSE) -> 40 | U3: =1/(10^(-(E3+(IF(P3="Y",Rules!$I$2,0))-K3)/Rules!$E$12)+1) -> 0.52760293 | V3: =ROUND(IF(H3>N3,(S3*R3*(1-U3)),IF(H3<N3,(S3*R3*(0-U3)),S3*R3*(0.5-U3))),0) -> -27 | W3: =-1*V3 -> 27 | AA3: =IF($D3=AA$1,$E3+$V3,(IF($J3=AA$1,$K3+$W3,AA2))) -> 1550 | AB3: =IF($D3=AB$1,$E3+$V3,(IF($J3=AB$1,$K3+$W3,AB2))) -> 773 | AC3: =IF($D3=AC$1,$E3+$V3,(IF($J3=AC$1,$K3+$W3,AC2))) -> 1419 | AD3: =IF($D3=AD$1,$E3+$V3,(IF($J3=AD$1,$K3+$W3,AD2))) -> -37 | AE3: =IF($D3=AE$1,$E3+$V3,(IF($J3=AE$1,$K3+$W3,AE2))) -> 2015 | AF3: =IF($D3=AF$1,$E3+$V3,(IF($J3=AF$1,$K3+$W3,AF2))) -> 2088 | AG3: =IF($D3=AG$1,$E3+$V3,(IF($J3=AG$1,$K3+$W3,AG2))) -> 1203 | AH3: =IF($D3=AH$1,$E3+$V3,(IF($J3=AH$1,$K3+$W3,AH2))) -> 987 | ... BL3: =IF($D3=BL$1,$E3+$V3,(IF($J3=BL$1,$K3+$W3,BL2))) -> 801
A4: 44961 | B4: League | D4: Cork | E4: =HLOOKUP(D4,AA$1:CB$10075,ROW()-1,FALSE) -> 2088 | F4: 2 | G4: 17 | H4: =F4*3+G4 -> 23 | J4: Limerick | K4: =HLOOKUP(J4,AA$1:CB$10075,ROW()-1,FALSE) -> 2356 | L4: 0 | M4: 22 | N4: =L4*3+M4 -> 22 | P4: Y | R4: =MIN(Rules!$E$2,(MAX(H4/N4,N4/H4))) -> 1.0454545 | S4: =VLOOKUP(B4,Rules!A:B,2,FALSE) -> 40 | U4: =1/(10^(-(E4+(IF(P4="Y",Rules!$I$2,0))-K4)/Rules!$E$12)+1) -> 0.36739467 | V4: =ROUND(IF(H4>N4,(S4*R4*(1-U4)),IF(H4<N4,(S4*R4*(0-U4)),S4*R4*(0.5-U4))),0) -> 26 | W4: =-1*V4 -> -26 | AA4: =IF($D4=AA$1,$E4+$V4,(IF($J4=AA$1,$K4+$W4,AA3))) -> 1550 | AB4: =IF($D4=AB$1,$E4+$V4,(IF($J4=AB$1,$K4+$W4,AB3))) -> 773 | AC4: =IF($D4=AC$1,$E4+$V4,(IF($J4=AC$1,$K4+$W4,AC3))) -> 1419 | AD4: =IF($D4=AD$1,$E4+$V4,(IF($J4=AD$1,$K4+$W4,AD3))) -> -37 | AE4: =IF($D4=AE$1,$E4+$V4,(IF($J4=AE$1,$K4+$W4,AE3))) -> 2015 | AF4: =IF($D4=AF$1,$E4+$V4,(IF($J4=AF$1,$K4+$W4,AF3))) -> 2114 | AG4: =IF($D4=AG$1,$E4+$V4,(IF($J4=AG$1,$K4+$W4,AG3))) -> 1203 | AH4: =IF($D4=AH$1,$E4+$V4,(IF($J4=AH$1,$K4+$W4,AH3))) -> 987 | ... BL4: =IF($D4=BL$1,$E4+$V4,(IF($J4=BL$1,$K4+$W4,BL3))) -> 801
A5: 44961 | B5: League | D5: Antrim | E5: =HLOOKUP(D5,AA$1:CB$10075,ROW()-1,FALSE) -> 1550 | F5: 0 | G5: 15 | H5: =F5*3+G5 -> 15 | J5: Kilkenny | K5: =HLOOKUP(J5,AA$1:CB$10075,ROW()-1,FALSE) -> 2137 | L5: 1 | M5: 18 | N5: =L5*3+M5 -> 21 | P5: Y | R5: =MIN(Rules!$E$2,(MAX(H5/N5,N5/H5))) -> 1.4 | S5: =VLOOKUP(B5,Rules!A:B,2,FALSE) -> 40 | U5: =1/(10^(-(E5+(IF(P5="Y",Rules!$I$2,0))-K5)/Rules!$E$12)+1) -> 0.11790096 | V5: =ROUND(IF(H5>N5,(S5*R5*(1-U5)),IF(H5<N5,(S5*R5*(0-U5)),S5*R5*(0.5-U5))),0) -> -7 | W5: =-1*V5 -> 7 | AA5: =IF($D5=AA$1,$E5+$V5,(IF($J5=AA$1,$K5+$W5,AA4))) -> 1543 | AB5: =IF($D5=AB$1,$E5+$V5,(IF($J5=AB$1,$K5+$W5,AB4))) -> 773 | AC5: =IF($D5=AC$1,$E5+$V5,(IF($J5=AC$1,$K5+$W5,AC4))) -> 1419 | AD5: =IF($D5=AD$1,$E5+$V5,(IF($J5=AD$1,$K5+$W5,AD4))) -> -37 | AE5: =IF($D5=AE$1,$E5+$V5,(IF($J5=AE$1,$K5+$W5,AE4))) -> 2015 | AF5: =IF($D5=AF$1,$E5+$V5,(IF($J5=AF$1,$K5+$W5,AF4))) -> 2114 | AG5: =IF($D5=AG$1,$E5+$V5,(IF($J5=AG$1,$K5+$W5,AG4))) -> 1203 | AH5: =IF($D5=AH$1,$E5+$V5,(IF($J5=AH$1,$K5+$W5,AH4))) -> 987 | ... BL5: =IF($D5=BL$1,$E5+$V5,(IF($J5=BL$1,$K5+$W5,BL4))) -> 801
A6: 44961 | B6: League | D6: Tipperary | E6: =HLOOKUP(D6,AA$1:CB$10075,ROW()-1,FALSE) -> 1951 | F6: 2 | G6: 32 | H6: =F6*3+G6 -> 38 | J6: Laois | K6: =HLOOKUP(J6,AA$1:CB$10075,ROW()-1,FALSE) -> 1404 | L6: 0 | M6: 18 | N6: =L6*3+M6 -> 18 | P6: Y | R6: =MIN(Rules!$E$2,(MAX(H6/N6,N6/H6))) -> 2 | S6: =VLOOKUP(B6,Rules!A:B,2,FALSE) -> 40 | U6: =1/(10^(-(E6+(IF(P6="Y",Rules!$I$2,0))-K6)/Rules!$E$12)+1) -> 0.96120154 | V6: =ROUND(IF(H6>N6,(S6*R6*(1-U6)),IF(H6<N6,(S6*R6*(0-U6)),S6*R6*(0.5-U6))),0) -> 3 | W6: =-1*V6 -> -3 | AA6: =IF($D6=AA$1,$E6+$V6,(IF($J6=AA$1,$K6+$W6,AA5))) -> 1543 | AB6: =IF($D6=AB$1,$E6+$V6,(IF($J6=AB$1,$K6+$W6,AB5))) -> 773 | AC6: =IF($D6=AC$1,$E6+$V6,(IF($J6=AC$1,$K6+$W6,AC5))) -> 1419 | AD6: =IF($D6=AD$1,$E6+$V6,(IF($J6=AD$1,$K6+$W6,AD5))) -> -37 | AE6: =IF($D6=AE$1,$E6+$V6,(IF($J6=AE$1,$K6+$W6,AE5))) -> 2015 | AF6: =IF($D6=AF$1,$E6+$V6,(IF($J6=AF$1,$K6+$W6,AF5))) -> 2114 | AG6: =IF($D6=AG$1,$E6+$V6,(IF($J6=AG$1,$K6+$W6,AG5))) -> 1203 | AH6: =IF($D6=AH$1,$E6+$V6,(IF($J6=AH$1,$K6+$W6,AH5))) -> 987 | ... BL6: =IF($D6=BL$1,$E6+$V6,(IF($J6=BL$1,$K6+$W6,BL5))) -> 801
A7: 44961 | B7: League | D7: Carlow | E7: =HLOOKUP(D7,AA$1:CB$10075,ROW()-1,FALSE) -> 1419 | F7: 0 | G7: 11 | H7: =F7*3+G7 -> 11 | J7: Kildare | K7: =HLOOKUP(J7,AA$1:CB$10075,ROW()-1,FALSE) -> 1296 | L7: 0 | M7: 25 | N7: =L7*3+M7 -> 25 | P7: Y | R7: =MIN(Rules!$E$2,(MAX(H7/N7,N7/H7))) -> 2 | S7: =VLOOKUP(B7,Rules!A:B,2,FALSE) -> 40 | U7: =1/(10^(-(E7+(IF(P7="Y",Rules!$I$2,0))-K7)/Rules!$E$12)+1) -> 0.7785457 | V7: =ROUND(IF(H7>N7,(S7*R7*(1-U7)),IF(H7<N7,(S7*R7*(0-U7)),S7*R7*(0.5-U7))),0) -> -62 | W7: =-1*V7 -> 62 | AA7: =IF($D7=AA$1,$E7+$V7,(IF($J7=AA$1,$K7+$W7,AA6))) -> 1543 | AB7: =IF($D7=AB$1,$E7+$V7,(IF($J7=AB$1,$K7+$W7,AB6))) -> 773 | AC7: =IF($D7=AC$1,$E7+$V7,(IF($J7=AC$1,$K7+$W7,AC6))) -> 1357 | AD7: =IF($D7=AD$1,$E7+$V7,(IF($J7=AD$1,$K7+$W7,AD6))) -> -37 | AE7: =IF($D7=AE$1,$E7+$V7,(IF($J7=AE$1,$K7+$W7,AE6))) -> 2015 | AF7: =IF($D7=AF$1,$E7+$V7,(IF($J7=AF$1,$K7+$W7,AF6))) -> 2114 | AG7: =IF($D7=AG$1,$E7+$V7,(IF($J7=AG$1,$K7+$W7,AG6))) -> 1203 | AH7: =IF($D7=AH$1,$E7+$V7,(IF($J7=AH$1,$K7+$W7,AH6))) -> 987 | ... BL7: =IF($D7=BL$1,$E7+$V7,(IF($J7=BL$1,$K7+$W7,BL6))) -> 801
A8: 44961 | B8: League | D8: Derry | E8: =HLOOKUP(D8,AA$1:CB$10075,ROW()-1,FALSE) -> 1203 | F8: 0 | G8: 13 | H8: =F8*3+G8 -> 13 | J8: Kerry | K8: =HLOOKUP(J8,AA$1:CB$10075,ROW()-1,FALSE) -> 1395 | L8: 2 | M8: 22 | N8: =L8*3+M8 -> 28 | P8: Y | R8: =MIN(Rules!$E$2,(MAX(H8/N8,N8/H8))) -> 2 | S8: =VLOOKUP(B8,Rules!A:B,2,FALSE) -> 40 | U8: =1/(10^(-(E8+(IF(P8="Y",Rules!$I$2,0))-K8)/Rules!$E$12)+1) -> 0.4517959 | V8: =ROUND(IF(H8>N8,(S8*R8*(1-U8)),IF(H8<N8,(S8*R8*(0-U8)),S8*R8*(0.5-U8))),0) -> -36 | W8: =-1*V8 -> 36 | AA8: =IF($D8=AA$1,$E8+$V8,(IF($J8=AA$1,$K8+$W8,AA7))) -> 1543 | AB8: =IF($D8=AB$1,$E8+$V8,(IF($J8=AB$1,$K8+$W8,AB7))) -> 773 | AC8: =IF($D8=AC$1,$E8+$V8,(IF($J8=AC$1,$K8+$W8,AC7))) -> 1357 | AD8: =IF($D8=AD$1,$E8+$V8,(IF($J8=AD$1,$K8+$W8,AD7))) -> -37 | AE8: =IF($D8=AE$1,$E8+$V8,(IF($J8=AE$1,$K8+$W8,AE7))) -> 2015 | AF8: =IF($D8=AF$1,$E8+$V8,(IF($J8=AF$1,$K8+$W8,AF7))) -> 2114 | AG8: =IF($D8=AG$1,$E8+$V8,(IF($J8=AG$1,$K8+$W8,AG7))) -> 1167 | AH8: =IF($D8=AH$1,$E8+$V8,(IF($J8=AH$1,$K8+$W8,AH7))) -> 987 | ... BL8: =IF($D8=BL$1,$E8+$V8,(IF($J8=BL$1,$K8+$W8,BL7))) -> 801
A9: 44961 | B9: League | D9: Meath | E9: =HLOOKUP(D9,AA$1:CB$10075,ROW()-1,FALSE) -> 1064 | F9: 2 | G9: 24 | H9: =F9*3+G9 -> 30 | J9: Wicklow | K9: =HLOOKUP(J9,AA$1:CB$10075,ROW()-1,FALSE) -> 801 | L9: 2 | M9: 14 | N9: =L9*3+M9 -> 20 | P9: Y | R9: =MIN(Rules!$E$2,(MAX(H9/N9,N9/H9))) -> 1.5 | S9: =VLOOKUP(B9,Rules!A:B,2,FALSE) -> 40 | U9: =1/(10^(-(E9+(IF(P9="Y",Rules!$I$2,0))-K9)/Rules!$E$12)+1) -> 0.87011041 | V9: =ROUND(IF(H9>N9,(S9*R9*(1-U9)),IF(H9<N9,(S9*R9*(0-U9)),S9*R9*(0.5-U9))),0) -> 8 | W9: =-1*V9 -> -8 | AA9: =IF($D9=AA$1,$E9+$V9,(IF($J9=AA$1,$K9+$W9,AA8))) -> 1543 | AB9: =IF($D9=AB$1,$E9+$V9,(IF($J9=AB$1,$K9+$W9,AB8))) -> 773 | AC9: =IF($D9=AC$1,$E9+$V9,(IF($J9=AC$1,$K9+$W9,AC8))) -> 1357 | AD9: =IF($D9=AD$1,$E9+$V9,(IF($J9=AD$1,$K9+$W9,AD8))) -> -37 | AE9: =IF($D9=AE$1,$E9+$V9,(IF($J9=AE$1,$K9+$W9,AE8))) -> 2015 | AF9: =IF($D9=AF$1,$E9+$V9,(IF($J9=AF$1,$K9+$W9,AF8))) -> 2114 | AG9: =IF($D9=AG$1,$E9+$V9,(IF($J9=AG$1,$K9+$W9,AG8))) -> 1167 | AH9: =IF($D9=AH$1,$E9+$V9,(IF($J9=AH$1,$K9+$W9,AH8))) -> 987 | ... BL9: =IF($D9=BL$1,$E9+$V9,(IF($J9=BL$1,$K9+$W9,BL8))) -> 793
A10: 44961 | B10: League | D10: Donegal | E10: =HLOOKUP(D10,AA$1:CB$10075,ROW()-1,FALSE) -> 987 | F10: 1 | G10: 16 | H10: =F10*3+G10 -> 19 | J10: Sligo | K10: =HLOOKUP(J10,AA$1:CB$10075,ROW()-1,FALSE) -> 873 | L10: 0 | M10: 15 | N10: =L10*3+M10 -> 15 | P10: Y | R10: =MIN(Rules!$E$2,(MAX(H10/N10,N10/H10))) -> 1.2666667 | S10: =VLOOKUP(B10,Rules!A:B,2,FALSE) -> 40 | U10: =1/(10^(-(E10+(IF(P10="Y",Rules!$I$2,0))-K10)/Rules!$E$12)+1) -> 0.7713174 | V10: =ROUND(IF(H10>N10,(S10*R10*(1-U10)),IF(H10<N10,(S10*R10*(0-U10)),S10*R10*(0.5-U10))),0) -> 12 | W10: =-1*V10 -> -12 | AA10: =IF($D10=AA$1,$E10+$V10,(IF($J10=AA$1,$K10+$W10,AA9))) -> 1543 | AB10: =IF($D10=AB$1,$E10+$V10,(IF($J10=AB$1,$K10+$W10,AB9))) -> 773 | AC10: =IF($D10=AC$1,$E10+$V10,(IF($J10=AC$1,$K10+$W10,AC9))) -> 1357 | AD10: =IF($D10=AD$1,$E10+$V10,(IF($J10=AD$1,$K10+$W10,AD9))) -> -37 | AE10: =IF($D10=AE$1,$E10+$V10,(IF($J10=AE$1,$K10+$W10,AE9))) -> 2015 | AF10: =IF($D10=AF$1,$E10+$V10,(IF($J10=AF$1,$K10+$W10,AF9))) -> 2114 | AG10: =IF($D10=AG$1,$E10+$V10,(IF($J10=AG$1,$K10+$W10,AG9))) -> 1167 | AH10: =IF($D10=AH$1,$E10+$V10,(IF($J10=AH$1,$K10+$W10,AH9))) -> 999 | ... BL10: =IF($D10=BL$1,$E10+$V10,(IF($J10=BL$1,$K10+$W10,BL9))) -> 793
A11: 44961 | B11: League | D11: Tyrone | E11: =HLOOKUP(D11,AA$1:CB$10075,ROW()-1,FALSE) -> 964 | F11: 1 | G11: 26 | H11: =F11*3+G11 -> 29 | J11: London | K11: =HLOOKUP(J11,AA$1:CB$10075,ROW()-1,FALSE) -> 889 | L11: 3 | M11: 18 | N11: =L11*3+M11 -> 27 | P11: Y | R11: =MIN(Rules!$E$2,(MAX(H11/N11,N11/H11))) -> 1.0740741 | S11: =VLOOKUP(B11,Rules!A:B,2,FALSE) -> 40 | U11: =1/(10^(-(E11+(IF(P11="Y",Rules!$I$2,0))-K11)/Rules!$E$12)+1) -> 0.73810903 | V11: =ROUND(IF(H11>N11,(S11*R11*(1-U11)),IF(H11<N11,(S11*R11*(0-U11)),S11*R11*(0.5-U11))),0) -> 11 | W11: =-1*V11 -> -11 | AA11: =IF($D11=AA$1,$E11+$V11,(IF($J11=AA$1,$K11+$W11,AA10))) -> 1543 | AB11: =IF($D11=AB$1,$E11+$V11,(IF($J11=AB$1,$K11+$W11,AB10))) -> 773 | AC11: =IF($D11=AC$1,$E11+$V11,(IF($J11=AC$1,$K11+$W11,AC10))) -> 1357 | AD11: =IF($D11=AD$1,$E11+$V11,(IF($J11=AD$1,$K11+$W11,AD10))) -> -37 | AE11: =IF($D11=AE$1,$E11+$V11,(IF($J11=AE$1,$K11+$W11,AE10))) -> 2015 | AF11: =IF($D11=AF$1,$E11+$V11,(IF($J11=AF$1,$K11+$W11,AF10))) -> 2114 | AG11: =IF($D11=AG$1,$E11+$V11,(IF($J11=AG$1,$K11+$W11,AG10))) -> 1167 | AH11: =IF($D11=AH$1,$E11+$V11,(IF($J11=AH$1,$K11+$W11,AH10))) -> 999 | ... BL11: =IF($D11=BL$1,$E11+$V11,(IF($J11=BL$1,$K11+$W11,BL10))) -> 793
A12: 44961 | B12: League | D12: Louth | E12: =HLOOKUP(D12,AA$1:CB$10075,ROW()-1,FALSE) -> 442 | F12: 1 | G12: 16 | H12: =F12*3+G12 -> 19 | J12: Armagh | K12: =HLOOKUP(J12,AA$1:CB$10075,ROW()-1,FALSE) -> 773 | L12: 3 | M12: 18 | N12: =L12*3+M12 -> 27 | P12: Y | R12: =MIN(Rules!$E$2,(MAX(H12/N12,N12/H12))) -> 1.4210526 | S12: =VLOOKUP(B12,Rules!A:B,2,FALSE) -> 40 | U12: =1/(10^(-(E12+(IF(P12="Y",Rules!$I$2,0))-K12)/Rules!$E$12)+1) -> 0.30289796 | V12: =ROUND(IF(H12>N12,(S12*R12*(1-U12)),IF(H12<N12,(S12*R12*(0-U12)),S12*R12*(0.5-U12))),0) -> -17 | W12: =-1*V12 -> 17 | AA12: =IF($D12=AA$1,$E12+$V12,(IF($J12=AA$1,$K12+$W12,AA11))) -> 1543 | AB12: =IF($D12=AB$1,$E12+$V12,(IF($J12=AB$1,$K12+$W12,AB11))) -> 790 | AC12: =IF($D12=AC$1,$E12+$V12,(IF($J12=AC$1,$K12+$W12,AC11))) -> 1357 | AD12: =IF($D12=AD$1,$E12+$V12,(IF($J12=AD$1,$K12+$W12,AD11))) -> -37 | AE12: =IF($D12=AE$1,$E12+$V12,(IF($J12=AE$1,$K12+$W12,AE11))) -> 2015 | AF12: =IF($D12=AF$1,$E12+$V12,(IF($J12=AF$1,$K12+$W12,AF11))) -> 2114 | AG12: =IF($D12=AG$1,$E12+$V12,(IF($J12=AG$1,$K12+$W12,AG11))) -> 1167 | AH12: =IF($D12=AH$1,$E12+$V12,(IF($J12=AH$1,$K12+$W12,AH11))) -> 999 | ... BL12: =IF($D12=BL$1,$E12+$V12,(IF($J12=BL$1,$K12+$W12,BL11))) -> 793
A13: 44961 | B13: League | D13: Monaghan | E13: =HLOOKUP(D13,AA$1:CB$10075,ROW()-1,FALSE) -> 567 | F13: 2 | G13: 13 | H13: =F13*3+G13 -> 19 | J13: Fermanagh | K13: =HLOOKUP(J13,AA$1:CB$10075,ROW()-1,FALSE) -> 402 | L13: 1 | M13: 14 | N13: =L13*3+M13 -> 17 | P13: Y | R13: =MIN(Rules!$E$2,(MAX(H13/N13,N13/H13))) -> 1.1176471 | S13: =VLOOKUP(B13,Rules!A:B,2,FALSE) -> 40 | U13: =1/(10^(-(E13+(IF(P13="Y",Rules!$I$2,0))-K13)/Rules!$E$12)+1) -> 0.81009516 | V13: =ROUND(IF(H13>N13,(S13*R13*(1-U13)),IF(H13<N13,(S13*R13*(0-U13)),S13*R13*(0.5-U13))),0) -> 8 | W13: =-1*V13 -> -8 | AA13: =IF($D13=AA$1,$E13+$V13,(IF($J13=AA$1,$K13+$W13,AA12))) -> 1543 | AB13: =IF($D13=AB$1,$E13+$V13,(IF($J13=AB$1,$K13+$W13,AB12))) -> 790 | AC13: =IF($D13=AC$1,$E13+$V13,(IF($J13=AC$1,$K13+$W13,AC12))) -> 1357 | AD13: =IF($D13=AD$1,$E13+$V13,(IF($J13=AD$1,$K13+$W13,AD12))) -> -37 | AE13: =IF($D13=AE$1,$E13+$V13,(IF($J13=AE$1,$K13+$W13,AE12))) -> 2015 | AF13: =IF($D13=AF$1,$E13+$V13,(IF($J13=AF$1,$K13+$W13,AF12))) -> 2114 | AG13: =IF($D13=AG$1,$E13+$V13,(IF($J13=AG$1,$K13+$W13,AG12))) -> 1167 | AH13: =IF($D13=AH$1,$E13+$V13,(IF($J13=AH$1,$K13+$W13,AH12))) -> 999 | ... BL13: =IF($D13=BL$1,$E13+$V13,(IF($J13=BL$1,$K13+$W13,BL12))) -> 793
A14: 44961 | B14: League | D14: Mayo | E14: =HLOOKUP(D14,AA$1:CB$10075,ROW()-1,FALSE) -> 971 | F14: 0 | G14: 17 | H14: =F14*3+G14 -> 17 | J14: Roscommon | K14: =HLOOKUP(J14,AA$1:CB$10075,ROW()-1,FALSE) -> 905 | L14: 0 | M14: 17 | N14: =L14*3+M14 -> 17 | P14: Y | R14: =MIN(Rules!$E$2,(MAX(H14/N14,N14/H14))) -> 1 | S14: =VLOOKUP(B14,Rules!A:B,2,FALSE) -> 40 | U14: =1/(10^(-(E14+(IF(P14="Y",Rules!$I$2,0))-K14)/Rules!$E$12)+1) -> 0.73001856 | V14: =ROUND(IF(H14>N14,(S14*R14*(1-U14)),IF(H14<N14,(S14*R14*(0-U14)),S14*R14*(0.5-U14))),0) -> -9 | W14: =-1*V14 -> 9 | AA14: =IF($D14=AA$1,$E14+$V14,(IF($J14=AA$1,$K14+$W14,AA13))) -> 1543 | AB14: =IF($D14=AB$1,$E14+$V14,(IF($J14=AB$1,$K14+$W14,AB13))) -> 790 | AC14: =IF($D14=AC$1,$E14+$V14,(IF($J14=AC$1,$K14+$W14,AC13))) -> 1357 | AD14: =IF($D14=AD$1,$E14+$V14,(IF($J14=AD$1,$K14+$W14,AD13))) -> -37 | AE14: =IF($D14=AE$1,$E14+$V14,(IF($J14=AE$1,$K14+$W14,AE13))) -> 2015 | AF14: =IF($D14=AF$1,$E14+$V14,(IF($J14=AF$1,$K14+$W14,AF13))) -> 2114 | AG14: =IF($D14=AG$1,$E14+$V14,(IF($J14=AG$1,$K14+$W14,AG13))) -> 1167 | AH14: =IF($D14=AH$1,$E14+$V14,(IF($J14=AH$1,$K14+$W14,AH13))) -> 999 | ... BL14: =IF($D14=BL$1,$E14+$V14,(IF($J14=BL$1,$K14+$W14,BL13))) -> 793
... A193: 45137 | B193: All-Ireland | D193: Limerick | E193: =HLOOKUP(D193,AA$1:CB$10075,ROW()-1,FALSE) -> 2380 | F193: 0 | G193: 30 | H193: =F193*3+G193 -> 30 | J193: Kilkenny | K193: =HLOOKUP(J193,AA$1:CB$10075,ROW()-1,FALSE) -> 2178 | L193: 2 | M193: 15 | N193: =L193*3+M193 -> 21 | P193: N | R193: =MIN(Rules!$E$2,(MAX(H193/N193,N193/H193))) -> 1.4285714 | S193: =VLOOKUP(B193,Rules!A:B,2,FALSE) -> 80 | U193: =1/(10^(-(E193+(IF(P193="Y",Rules!$I$2,0))-K193)/Rules!$E$12)+1) -> 0.71712486 | V193: =ROUND(IF(H193>N193,(S193*R193*(1-U193)),IF(H193<N193,(S193*R193*(0-U193)),S193*R193*(0.5-U193))),0) -> 32 | W193: =-1*V193 -> -32 | AA193: =IF($D193=AA$1,$E193+$V193,(IF($J193=AA$1,$K193+$W193,AA192))) -> 1573 | AB193: =IF($D193=AB$1,$E193+$V193,(IF($J193=AB$1,$K193+$W193,AB192))) -> 680 | AC193: =IF($D193=AC$1,$E193+$V193,(IF($J193=AC$1,$K193+$W193,AC192))) -> 1477 | AD193: =IF($D193=AD$1,$E193+$V193,(IF($J193=AD$1,$K193+$W193,AD192))) -> 177 | AE193: =IF($D193=AE$1,$E193+$V193,(IF($J193=AE$1,$K193+$W193,AE192))) -> 2094 | AF193: =IF($D193=AF$1,$E193+$V193,(IF($J193=AF$1,$K193+$W193,AF192))) -> 2104 | AG193: =IF($D193=AG$1,$E193+$V193,(IF($J193=AG$1,$K193+$W193,AG192))) -> 1117 | AH193: =IF($D193=AH$1,$E193+$V193,(IF($J193=AH$1,$K193+$W193,AH192))) -> 967 | ... BL193: =IF($D193=BL$1,$E193+$V193,(IF($J193=BL$1,$K193+$W193,BL192))) -> 981

Sheet 2022
A1: Date | B1: Grade | D1: Team 1 | E1: Elo | F1: G | G1: P | H1: Sc | J1: Team 2 | K1: Elo | L1: G | M1: P | N1: Sc | P1: Home? | R1: Margin* | S1: Weight | U1: T1 win odds | V1: Result T1 | W1: Result T2 | AA1: Antrim | AB1: Armagh | AC1: Carlow | AD1: Cavan | AE1: Clare | AF1: Cork | AG1: Derry | AH1: Donegal | AI1: Down | AJ1: Dublin | AK1: Fermanagh | AL1: Fingal | AM1: Galway | AN1: Kerry | AO1: Kildare | AP1: Kilkenny | AQ1: Lancashire | AR1: Laois | AS1: Leitrim | AT1: Limerick | AU1: London | AV1: Longford | AW1: Louth | AX1: Mayo | AY1: Meath | AZ1: Monaghan | BA1: New York | BB1: Offaly | BC1: Roscommon | BD1: Sligo | BE1: South Down | BF1: Tipperary | BG1: Tyrone | BH1: Warwickshire | BI1: Waterford | BJ1: Westmeath | BK1: Wexford | BL1: Wicklow
Z2: opening | AA2: =LOOKUP(9.999E+307,'2021'!AA:AA) -> 1523 | AB2: =LOOKUP(9.999E+307,'2021'!AB:AB) -> 829 | AC2: =LOOKUP(9.999E+307,'2021'!AC:AC) -> 1414 | AD2: =LOOKUP(9.999E+307,'2021'!AD:AD) -> 134 | AE2: =LOOKUP(9.999E+307,'2021'!AE:AE) -> 1984 | AF2: =LOOKUP(9.999E+307,'2021'!AF:AF) -> 1985 | AG2: =LOOKUP(9.999E+307,'2021'!AG:AG) -> 1053 | AH2: =LOOKUP(9.999E+307,'2021'!AH:AH) -> 949 | AI2: =LOOKUP(9.999E+307,'2021'!AI:AI) -> 1337 | AJ2: =LOOKUP(9.999E+307,'2021'!AJ:AJ) -> 1752 | AK2: =LOOKUP(9.999E+307,'2021'!AK:AK) -> 203 | AL2: =LOOKUP(9.999E+307,'2021'!AL:AL) -> 717 | AM2: =LOOKUP(9.999E+307,'2021'!AM:AM) -> 2076 | AN2: =LOOKUP(9.999E+307,'2021'!AN:AN) -> 1386 | AO2: =LOOKUP(9.999E+307,'2021'!AO:AO) -> 1158 | AP2: =LOOKUP(9.999E+307,'2021'!AP:AP) -> 2048 | AQ2: =LOOKUP(9.999E+307,'2021'!AQ:AQ) -> 424 | AR2: =LOOKUP(9.999E+307,'2021'!AR:AR) -> 1550 | AS2: =LOOKUP(9.999E+307,'2021'!AS:AS) -> 229 | AT2: =LOOKUP(9.999E+307,'2021'!AT:AT) -> 2371 | AU2: =LOOKUP(9.999E+307,'2021'!AU:AU) -> 904 | AV2: =LOOKUP(9.999E+307,'2021'!AV:AV) -> 482 | AW2: =LOOKUP(9.999E+307,'2021'!AW:AW) -> 428 | AX2: =LOOKUP(9.999E+307,'2021'!AX:AX) -> 1018 | AY2: =LOOKUP(9.999E+307,'2021'!AY:AY) -> 1207 | AZ2: =LOOKUP(9.999E+307,'2021'!AZ:AZ) -> 438 | BA2: =LOOKUP(9.999E+307,'2021'!BA:BA) -> 0 | BB2: =LOOKUP(9.999E+307,'2021'!BB:BB) -> 1542 | BC2: =LOOKUP(9.999E+307,'2021'!BC:BC) -> 770 | BD2: =LOOKUP(9.999E+307,'2021'!BD:BD) -> 843 | BE2: =LOOKUP(9.999E+307,'2021'!BE:BE) -> 638 | BF2: =LOOKUP(9.999E+307,'2021'!BF:BF) -> 2116 | BG2: =LOOKUP(9.999E+307,'2021'!BG:BG) -> 771 | BH2: =LOOKUP(9.999E+307,'2021'!BH:BH) -> 712 | BI2: =LOOKUP(9.999E+307,'2021'!BI:BI) -> 2018 | BJ2: =LOOKUP(9.999E+307,'2021'!BJ:BJ) -> 1468 | BK2: =LOOKUP(9.999E+307,'2021'!BK:BK) -> 1904 | BL2: =LOOKUP(9.999E+307,'2021'!BL:BL) -> 1053
A3: 44597 | B3: League | D3: Cork | E3: =HLOOKUP(D3,AA$1:CB$10080,ROW()-1,FALSE) -> 1985 | F3: 2 | G3: 30 | H3: =F3*3+G3 -> 36 | J3: Clare | K3: =HLOOKUP(J3,AA$1:CB$10080,ROW()-1,FALSE) -> 1984 | L3: 2 | M3: 21 | N3: =L3*3+M3 -> 27 | P3: Y | R3: =MIN(Rules!$E$2,(MAX(H3/N3,N3/H3))) -> 1.3333333 | S3: =VLOOKUP(B3,Rules!A:B,2,FALSE) -> 40 | U3: =1/(10^(-(E3+(IF(P3="Y",Rules!$I$2,0))-K3)/Rules!$E$12)+1) -> 0.66716282 | V3: =ROUND(IF(H3>N3,(S3*R3*(1-U3)),IF(H3<N3,(S3*R3*(0-U3)),S3*R3*(0.5-U3))),0) -> 18 | W3: =-1*V3 -> -18 | AA3: =IF($D3=AA$1,$E3+$V3,(IF($J3=AA$1,$K3+$W3,AA2))) -> 1523 | AB3: =IF($D3=AB$1,$E3+$V3,(IF($J3=AB$1,$K3+$W3,AB2))) -> 829 | AC3: =IF($D3=AC$1,$E3+$V3,(IF($J3=AC$1,$K3+$W3,AC2))) -> 1414 | AD3: =IF($D3=AD$1,$E3+$V3,(IF($J3=AD$1,$K3+$W3,AD2))) -> 134 | AE3: =IF($D3=AE$1,$E3+$V3,(IF($J3=AE$1,$K3+$W3,AE2))) -> 1966 | AF3: =IF($D3=AF$1,$E3+$V3,(IF($J3=AF$1,$K3+$W3,AF2))) -> 2003 | AG3: =IF($D3=AG$1,$E3+$V3,(IF($J3=AG$1,$K3+$W3,AG2))) -> 1053 | AH3: =IF($D3=AH$1,$E3+$V3,(IF($J3=AH$1,$K3+$W3,AH2))) -> 949 | ... BL3: =IF($D3=BL$1,$E3+$V3,(IF($J3=BL$1,$K3+$W3,BL2))) -> 1053
A4: 44597 | B4: League | D4: Laois | E4: =HLOOKUP(D4,AA$1:CB$10080,ROW()-1,FALSE) -> 1550 | F4: 1 | G4: 14 | H4: =F4*3+G4 -> 17 | J4: Tipperary | K4: =HLOOKUP(J4,AA$1:CB$10080,ROW()-1,FALSE) -> 2116 | L4: 0 | M4: 21 | N4: =L4*3+M4 -> 21 | P4: Y | R4: =MIN(Rules!$E$2,(MAX(H4/N4,N4/H4))) -> 1.2352941 | S4: =VLOOKUP(B4,Rules!A:B,2,FALSE) -> 40 | U4: =1/(10^(-(E4+(IF(P4="Y",Rules!$I$2,0))-K4)/Rules!$E$12)+1) -> 0.12833616 | V4: =ROUND(IF(H4>N4,(S4*R4*(1-U4)),IF(H4<N4,(S4*R4*(0-U4)),S4*R4*(0.5-U4))),0) -> -6 | W4: =-1*V4 -> 6 | AA4: =IF($D4=AA$1,$E4+$V4,(IF($J4=AA$1,$K4+$W4,AA3))) -> 1523 | AB4: =IF($D4=AB$1,$E4+$V4,(IF($J4=AB$1,$K4+$W4,AB3))) -> 829 | AC4: =IF($D4=AC$1,$E4+$V4,(IF($J4=AC$1,$K4+$W4,AC3))) -> 1414 | AD4: =IF($D4=AD$1,$E4+$V4,(IF($J4=AD$1,$K4+$W4,AD3))) -> 134 | AE4: =IF($D4=AE$1,$E4+$V4,(IF($J4=AE$1,$K4+$W4,AE3))) -> 1966 | AF4: =IF($D4=AF$1,$E4+$V4,(IF($J4=AF$1,$K4+$W4,AF3))) -> 2003 | AG4: =IF($D4=AG$1,$E4+$V4,(IF($J4=AG$1,$K4+$W4,AG3))) -> 1053 | AH4: =IF($D4=AH$1,$E4+$V4,(IF($J4=AH$1,$K4+$W4,AH3))) -> 949 | ... BL4: =IF($D4=BL$1,$E4+$V4,(IF($J4=BL$1,$K4+$W4,BL3))) -> 1053
A5: 44597 | B5: League | D5: Derry | E5: =HLOOKUP(D5,AA$1:CB$10080,ROW()-1,FALSE) -> 1053 | F5: 2 | G5: 14 | H5: =F5*3+G5 -> 20 | J5: Sligo | K5: =HLOOKUP(J5,AA$1:CB$10080,ROW()-1,FALSE) -> 843 | L5: 1 | M5: 14 | N5: =L5*3+M5 -> 17 | P5: Y | R5: =MIN(Rules!$E$2,(MAX(H5/N5,N5/H5))) -> 1.1764706 | S5: =VLOOKUP(B5,Rules!A:B,2,FALSE) -> 40 | U5: =1/(10^(-(E5+(IF(P5="Y",Rules!$I$2,0))-K5)/Rules!$E$12)+1) -> 0.83995069 | V5: =ROUND(IF(H5>N5,(S5*R5*(1-U5)),IF(H5<N5,(S5*R5*(0-U5)),S5*R5*(0.5-U5))),0) -> 8 | W5: =-1*V5 -> -8 | AA5: =IF($D5=AA$1,$E5+$V5,(IF($J5=AA$1,$K5+$W5,AA4))) -> 1523 | AB5: =IF($D5=AB$1,$E5+$V5,(IF($J5=AB$1,$K5+$W5,AB4))) -> 829 | AC5: =IF($D5=AC$1,$E5+$V5,(IF($J5=AC$1,$K5+$W5,AC4))) -> 1414 | AD5: =IF($D5=AD$1,$E5+$V5,(IF($J5=AD$1,$K5+$W5,AD4))) -> 134 | AE5: =IF($D5=AE$1,$E5+$V5,(IF($J5=AE$1,$K5+$W5,AE4))) -> 1966 | AF5: =IF($D5=AF$1,$E5+$V5,(IF($J5=AF$1,$K5+$W5,AF4))) -> 2003 | AG5: =IF($D5=AG$1,$E5+$V5,(IF($J5=AG$1,$K5+$W5,AG4))) -> 1061 | AH5: =IF($D5=AH$1,$E5+$V5,(IF($J5=AH$1,$K5+$W5,AH4))) -> 949 | ... BL5: =IF($D5=BL$1,$E5+$V5,(IF($J5=BL$1,$K5+$W5,BL4))) -> 1053
A6: 44597 | B6: League | D6: Armagh | E6: =HLOOKUP(D6,AA$1:CB$10080,ROW()-1,FALSE) -> 829 | F6: 2 | G6: 16 | H6: =F6*3+G6 -> 22 | J6: Louth | K6: =HLOOKUP(J6,AA$1:CB$10080,ROW()-1,FALSE) -> 428 | L6: 3 | M6: 12 | N6: =L6*3+M6 -> 21 | P6: Y | R6: =MIN(Rules!$E$2,(MAX(H6/N6,N6/H6))) -> 1.047619 | S6: =VLOOKUP(B6,Rules!A:B,2,FALSE) -> 40 | U6: =1/(10^(-(E6+(IF(P6="Y",Rules!$I$2,0))-K6)/Rules!$E$12)+1) -> 0.92672577 | V6: =ROUND(IF(H6>N6,(S6*R6*(1-U6)),IF(H6<N6,(S6*R6*(0-U6)),S6*R6*(0.5-U6))),0) -> 3 | W6: =-1*V6 -> -3 | AA6: =IF($D6=AA$1,$E6+$V6,(IF($J6=AA$1,$K6+$W6,AA5))) -> 1523 | AB6: =IF($D6=AB$1,$E6+$V6,(IF($J6=AB$1,$K6+$W6,AB5))) -> 832 | AC6: =IF($D6=AC$1,$E6+$V6,(IF($J6=AC$1,$K6+$W6,AC5))) -> 1414 | AD6: =IF($D6=AD$1,$E6+$V6,(IF($J6=AD$1,$K6+$W6,AD5))) -> 134 | AE6: =IF($D6=AE$1,$E6+$V6,(IF($J6=AE$1,$K6+$W6,AE5))) -> 1966 | AF6: =IF($D6=AF$1,$E6+$V6,(IF($J6=AF$1,$K6+$W6,AF5))) -> 2003 | AG6: =IF($D6=AG$1,$E6+$V6,(IF($J6=AG$1,$K6+$W6,AG5))) -> 1061 | AH6: =IF($D6=AH$1,$E6+$V6,(IF($J6=AH$1,$K6+$W6,AH5))) -> 949 | ... BL6: =IF($D6=BL$1,$E6+$V6,(IF($J6=BL$1,$K6+$W6,BL5))) -> 1053
A7: 44597 | B7: League | D7: Fermanagh | E7: =HLOOKUP(D7,AA$1:CB$10080,ROW()-1,FALSE) -> 203 | F7: 1 | G7: 20 | H7: =F7*3+G7 -> 23 | J7: Cavan | K7: =HLOOKUP(J7,AA$1:CB$10080,ROW()-1,FALSE) -> 134 | L7: 0 | M7: 13 | N7: =L7*3+M7 -> 13 | P7: Y | R7: =MIN(Rules!$E$2,(MAX(H7/N7,N7/H7))) -> 1.7692308 | S7: =VLOOKUP(B7,Rules!A:B,2,FALSE) -> 40 | U7: =1/(10^(-(E7+(IF(P7="Y",Rules!$I$2,0))-K7)/Rules!$E$12)+1) -> 0.73273281 | V7: =ROUND(IF(H7>N7,(S7*R7*(1-U7)),IF(H7<N7,(S7*R7*(0-U7)),S7*R7*(0.5-U7))),0) -> 19 | W7: =-1*V7 -> -19 | AA7: =IF($D7=AA$1,$E7+$V7,(IF($J7=AA$1,$K7+$W7,AA6))) -> 1523 | AB7: =IF($D7=AB$1,$E7+$V7,(IF($J7=AB$1,$K7+$W7,AB6))) -> 832 | AC7: =IF($D7=AC$1,$E7+$V7,(IF($J7=AC$1,$K7+$W7,AC6))) -> 1414 | AD7: =IF($D7=AD$1,$E7+$V7,(IF($J7=AD$1,$K7+$W7,AD6))) -> 115 | AE7: =IF($D7=AE$1,$E7+$V7,(IF($J7=AE$1,$K7+$W7,AE6))) -> 1966 | AF7: =IF($D7=AF$1,$E7+$V7,(IF($J7=AF$1,$K7+$W7,AF6))) -> 2003 | AG7: =IF($D7=AG$1,$E7+$V7,(IF($J7=AG$1,$K7+$W7,AG6))) -> 1061 | AH7: =IF($D7=AH$1,$E7+$V7,(IF($J7=AH$1,$K7+$W7,AH6))) -> 949 | ... BL7: =IF($D7=BL$1,$E7+$V7,(IF($J7=BL$1,$K7+$W7,BL6))) -> 1053
A8: 44598 | B8: League | D8: Wexford | E8: =HLOOKUP(D8,AA$1:CB$10080,ROW()-1,FALSE) -> 1904 | F8: 1 | G8: 11 | H8: =F8*3+G8 -> 14 | J8: Limerick | K8: =HLOOKUP(J8,AA$1:CB$10080,ROW()-1,FALSE) -> 2371 | L8: 0 | M8: 11 | N8: =L8*3+M8 -> 11 | P8: Y | R8: =MIN(Rules!$E$2,(MAX(H8/N8,N8/H8))) -> 1.2727273 | S8: =VLOOKUP(B8,Rules!A:B,2,FALSE) -> 40 | U8: =1/(10^(-(E8+(IF(P8="Y",Rules!$I$2,0))-K8)/Rules!$E$12)+1) -> 0.18849196 | V8: =ROUND(IF(H8>N8,(S8*R8*(1-U8)),IF(H8<N8,(S8*R8*(0-U8)),S8*R8*(0.5-U8))),0) -> 41 | W8: =-1*V8 -> -41 | AA8: =IF($D8=AA$1,$E8+$V8,(IF($J8=AA$1,$K8+$W8,AA7))) -> 1523 | AB8: =IF($D8=AB$1,$E8+$V8,(IF($J8=AB$1,$K8+$W8,AB7))) -> 832 | AC8: =IF($D8=AC$1,$E8+$V8,(IF($J8=AC$1,$K8+$W8,AC7))) -> 1414 | AD8: =IF($D8=AD$1,$E8+$V8,(IF($J8=AD$1,$K8+$W8,AD7))) -> 115 | AE8: =IF($D8=AE$1,$E8+$V8,(IF($J8=AE$1,$K8+$W8,AE7))) -> 1966 | AF8: =IF($D8=AF$1,$E8+$V8,(IF($J8=AF$1,$K8+$W8,AF7))) -> 2003 | AG8: =IF($D8=AG$1,$E8+$V8,(IF($J8=AG$1,$K8+$W8,AG7))) -> 1061 | AH8: =IF($D8=AH$1,$E8+$V8,(IF($J8=AH$1,$K8+$W8,AH7))) -> 949 | ... BL8: =IF($D8=BL$1,$E8+$V8,(IF($J8=BL$1,$K8+$W8,BL7))) -> 1053
A9: 44598 | B9: League | D9: Galway | E9: =HLOOKUP(D9,AA$1:CB$10080,ROW()-1,FALSE) -> 2076 | F9: 4 | G9: 22 | H9: =F9*3+G9 -> 34 | J9: Offaly | K9: =HLOOKUP(J9,AA$1:CB$10080,ROW()-1,FALSE) -> 1542 | L9: 0 | M9: 17 | N9: =L9*3+M9 -> 17 | P9: Y | R9: =MIN(Rules!$E$2,(MAX(H9/N9,N9/H9))) -> 2 | S9: =VLOOKUP(B9,Rules!A:B,2,FALSE) -> 40 | U9: =1/(10^(-(E9+(IF(P9="Y",Rules!$I$2,0))-K9)/Rules!$E$12)+1) -> 0.95890622 | V9: =ROUND(IF(H9>N9,(S9*R9*(1-U9)),IF(H9<N9,(S9*R9*(0-U9)),S9*R9*(0.5-U9))),0) -> 3 | W9: =-1*V9 -> -3 | AA9: =IF($D9=AA$1,$E9+$V9,(IF($J9=AA$1,$K9+$W9,AA8))) -> 1523 | AB9: =IF($D9=AB$1,$E9+$V9,(IF($J9=AB$1,$K9+$W9,AB8))) -> 832 | AC9: =IF($D9=AC$1,$E9+$V9,(IF($J9=AC$1,$K9+$W9,AC8))) -> 1414 | AD9: =IF($D9=AD$1,$E9+$V9,(IF($J9=AD$1,$K9+$W9,AD8))) -> 115 | AE9: =IF($D9=AE$1,$E9+$V9,(IF($J9=AE$1,$K9+$W9,AE8))) -> 1966 | AF9: =IF($D9=AF$1,$E9+$V9,(IF($J9=AF$1,$K9+$W9,AF8))) -> 2003 | AG9: =IF($D9=AG$1,$E9+$V9,(IF($J9=AG$1,$K9+$W9,AG8))) -> 1061 | AH9: =IF($D9=AH$1,$E9+$V9,(IF($J9=AH$1,$K9+$W9,AH8))) -> 949 | ... BL9: =IF($D9=BL$1,$E9+$V9,(IF($J9=BL$1,$K9+$W9,BL8))) -> 1053
A10: 44598 | B10: League | D10: Kilkenny | E10: =HLOOKUP(D10,AA$1:CB$10080,ROW()-1,FALSE) -> 2048 | F10: 2 | G10: 15 | H10: =F10*3+G10 -> 21 | J10: Antrim | K10: =HLOOKUP(J10,AA$1:CB$10080,ROW()-1,FALSE) -> 1523 | L10: 3 | M10: 9 | N10: =L10*3+M10 -> 18 | P10: Y | R10: =MIN(Rules!$E$2,(MAX(H10/N10,N10/H10))) -> 1.1666667 | S10: =VLOOKUP(B10,Rules!A:B,2,FALSE) -> 40 | U10: =1/(10^(-(E10+(IF(P10="Y",Rules!$I$2,0))-K10)/Rules!$E$12)+1) -> 0.95724159 | V10: =ROUND(IF(H10>N10,(S10*R10*(1-U10)),IF(H10<N10,(S10*R10*(0-U10)),S10*R10*(0.5-U10))),0) -> 2 | W10: =-1*V10 -> -2 | AA10: =IF($D10=AA$1,$E10+$V10,(IF($J10=AA$1,$K10+$W10,AA9))) -> 1521 | AB10: =IF($D10=AB$1,$E10+$V10,(IF($J10=AB$1,$K10+$W10,AB9))) -> 832 | AC10: =IF($D10=AC$1,$E10+$V10,(IF($J10=AC$1,$K10+$W10,AC9))) -> 1414 | AD10: =IF($D10=AD$1,$E10+$V10,(IF($J10=AD$1,$K10+$W10,AD9))) -> 115 | AE10: =IF($D10=AE$1,$E10+$V10,(IF($J10=AE$1,$K10+$W10,AE9))) -> 1966 | AF10: =IF($D10=AF$1,$E10+$V10,(IF($J10=AF$1,$K10+$W10,AF9))) -> 2003 | AG10: =IF($D10=AG$1,$E10+$V10,(IF($J10=AG$1,$K10+$W10,AG9))) -> 1061 | AH10: =IF($D10=AH$1,$E10+$V10,(IF($J10=AH$1,$K10+$W10,AH9))) -> 949 | ... BL10: =IF($D10=BL$1,$E10+$V10,(IF($J10=BL$1,$K10+$W10,BL9))) -> 1053
A11: 44598 | B11: League | D11: Dublin | E11: =HLOOKUP(D11,AA$1:CB$10080,ROW()-1,FALSE) -> 1752 | F11: 0 | G11: 21 | H11: =F11*3+G11 -> 21 | J11: Waterford | K11: =HLOOKUP(J11,AA$1:CB$10080,ROW()-1,FALSE) -> 2018 | L11: 2 | M11: 15 | N11: =L11*3+M11 -> 21 | P11: Y | R11: =MIN(Rules!$E$2,(MAX(H11/N11,N11/H11))) -> 1 | S11: =VLOOKUP(B11,Rules!A:B,2,FALSE) -> 40 | U11: =1/(10^(-(E11+(IF(P11="Y",Rules!$I$2,0))-K11)/Rules!$E$12)+1) -> 0.3695379 | V11: =ROUND(IF(H11>N11,(S11*R11*(1-U11)),IF(H11<N11,(S11*R11*(0-U11)),S11*R11*(0.5-U11))),0) -> 5 | W11: =-1*V11 -> -5 | AA11: =IF($D11=AA$1,$E11+$V11,(IF($J11=AA$1,$K11+$W11,AA10))) -> 1521 | AB11: =IF($D11=AB$1,$E11+$V11,(IF($J11=AB$1,$K11+$W11,AB10))) -> 832 | AC11: =IF($D11=AC$1,$E11+$V11,(IF($J11=AC$1,$K11+$W11,AC10))) -> 1414 | AD11: =IF($D11=AD$1,$E11+$V11,(IF($J11=AD$1,$K11+$W11,AD10))) -> 115 | AE11: =IF($D11=AE$1,$E11+$V11,(IF($J11=AE$1,$K11+$W11,AE10))) -> 1966 | AF11: =IF($D11=AF$1,$E11+$V11,(IF($J11=AF$1,$K11+$W11,AF10))) -> 2003 | AG11: =IF($D11=AG$1,$E11+$V11,(IF($J11=AG$1,$K11+$W11,AG10))) -> 1061 | AH11: =IF($D11=AH$1,$E11+$V11,(IF($J11=AH$1,$K11+$W11,AH10))) -> 949 | ... BL11: =IF($D11=BL$1,$E11+$V11,(IF($J11=BL$1,$K11+$W11,BL10))) -> 1053
A12: 44598 | B12: League | D12: Kildare | E12: =HLOOKUP(D12,AA$1:CB$10080,ROW()-1,FALSE) -> 1158 | F12: 0 | G12: 15 | H12: =F12*3+G12 -> 15 | J12: Meath | K12: =HLOOKUP(J12,AA$1:CB$10080,ROW()-1,FALSE) -> 1207 | L12: 0 | M12: 18 | N12: =L12*3+M12 -> 18 | P12: Y | R12: =MIN(Rules!$E$2,(MAX(H12/N12,N12/H12))) -> 1.2 | S12: =VLOOKUP(B12,Rules!A:B,2,FALSE) -> 40 | U12: =1/(10^(-(E12+(IF(P12="Y",Rules!$I$2,0))-K12)/Rules!$E$12)+1) -> 0.6142286 | V12: =ROUND(IF(H12>N12,(S12*R12*(1-U12)),IF(H12<N12,(S12*R12*(0-U12)),S12*R12*(0.5-U12))),0) -> -29 | W12: =-1*V12 -> 29 | AA12: =IF($D12=AA$1,$E12+$V12,(IF($J12=AA$1,$K12+$W12,AA11))) -> 1521 | AB12: =IF($D12=AB$1,$E12+$V12,(IF($J12=AB$1,$K12+$W12,AB11))) -> 832 | AC12: =IF($D12=AC$1,$E12+$V12,(IF($J12=AC$1,$K12+$W12,AC11))) -> 1414 | AD12: =IF($D12=AD$1,$E12+$V12,(IF($J12=AD$1,$K12+$W12,AD11))) -> 115 | AE12: =IF($D12=AE$1,$E12+$V12,(IF($J12=AE$1,$K12+$W12,AE11))) -> 1966 | AF12: =IF($D12=AF$1,$E12+$V12,(IF($J12=AF$1,$K12+$W12,AF11))) -> 2003 | AG12: =IF($D12=AG$1,$E12+$V12,(IF($J12=AG$1,$K12+$W12,AG11))) -> 1061 | AH12: =IF($D12=AH$1,$E12+$V12,(IF($J12=AH$1,$K12+$W12,AH11))) -> 949 | ... BL12: =IF($D12=BL$1,$E12+$V12,(IF($J12=BL$1,$K12+$W12,BL11))) -> 1053
A13: 44598 | B13: League | D13: Westmeath | E13: =HLOOKUP(D13,AA$1:CB$10080,ROW()-1,FALSE) -> 1468 | F13: 3 | G13: 15 | H13: =F13*3+G13 -> 24 | J13: Kerry | K13: =HLOOKUP(J13,AA$1:CB$10080,ROW()-1,FALSE) -> 1386 | L13: 1 | M13: 15 | N13: =L13*3+M13 -> 18 | P13: Y | R13: =MIN(Rules!$E$2,(MAX(H13/N13,N13/H13))) -> 1.3333333 | S13: =VLOOKUP(B13,Rules!A:B,2,FALSE) -> 40 | U13: =1/(10^(-(E13+(IF(P13="Y",Rules!$I$2,0))-K13)/Rules!$E$12)+1) -> 0.74429242 | V13: =ROUND(IF(H13>N13,(S13*R13*(1-U13)),IF(H13<N13,(S13*R13*(0-U13)),S13*R13*(0.5-U13))),0) -> 14 | W13: =-1*V13 -> -14 | AA13: =IF($D13=AA$1,$E13+$V13,(IF($J13=AA$1,$K13+$W13,AA12))) -> 1521 | AB13: =IF($D13=AB$1,$E13+$V13,(IF($J13=AB$1,$K13+$W13,AB12))) -> 832 | AC13: =IF($D13=AC$1,$E13+$V13,(IF($J13=AC$1,$K13+$W13,AC12))) -> 1414 | AD13: =IF($D13=AD$1,$E13+$V13,(IF($J13=AD$1,$K13+$W13,AD12))) -> 115 | AE13: =IF($D13=AE$1,$E13+$V13,(IF($J13=AE$1,$K13+$W13,AE12))) -> 1966 | AF13: =IF($D13=AF$1,$E13+$V13,(IF($J13=AF$1,$K13+$W13,AF12))) -> 2003 | AG13: =IF($D13=AG$1,$E13+$V13,(IF($J13=AG$1,$K13+$W13,AG12))) -> 1061 | AH13: =IF($D13=AH$1,$E13+$V13,(IF($J13=AH$1,$K13+$W13,AH12))) -> 949 | ... BL13: =IF($D13=BL$1,$E13+$V13,(IF($J13=BL$1,$K13+$W13,BL12))) -> 1053
A14: 44598 | B14: League | D14: Down | E14: =HLOOKUP(D14,AA$1:CB$10080,ROW()-1,FALSE) -> 1337 | F14: 2 | G14: 10 | H14: =F14*3+G14 -> 16 | J14: Carlow | K14: =HLOOKUP(J14,AA$1:CB$10080,ROW()-1,FALSE) -> 1414 | L14: 1 | M14: 12 | N14: =L14*3+M14 -> 15 | P14: Y | R14: =MIN(Rules!$E$2,(MAX(H14/N14,N14/H14))) -> 1.0666667 | S14: =VLOOKUP(B14,Rules!A:B,2,FALSE) -> 40 | U14: =1/(10^(-(E14+(IF(P14="Y",Rules!$I$2,0))-K14)/Rules!$E$12)+1) -> 0.58326168 | V14: =ROUND(IF(H14>N14,(S14*R14*(1-U14)),IF(H14<N14,(S14*R14*(0-U14)),S14*R14*(0.5-U14))),0) -> 18 | W14: =-1*V14 -> -18 | AA14: =IF($D14=AA$1,$E14+$V14,(IF($J14=AA$1,$K14+$W14,AA13))) -> 1521 | AB14: =IF($D14=AB$1,$E14+$V14,(IF($J14=AB$1,$K14+$W14,AB13))) -> 832 | AC14: =IF($D14=AC$1,$E14+$V14,(IF($J14=AC$1,$K14+$W14,AC13))) -> 1396 | AD14: =IF($D14=AD$1,$E14+$V14,(IF($J14=AD$1,$K14+$W14,AD13))) -> 115 | AE14: =IF($D14=AE$1,$E14+$V14,(IF($J14=AE$1,$K14+$W14,AE13))) -> 1966 | AF14: =IF($D14=AF$1,$E14+$V14,(IF($J14=AF$1,$K14+$W14,AF13))) -> 2003 | AG14: =IF($D14=AG$1,$E14+$V14,(IF($J14=AG$1,$K14+$W14,AG13))) -> 1061 | AH14: =IF($D14=AH$1,$E14+$V14,(IF($J14=AH$1,$K14+$W14,AH13))) -> 949 | ... BL14: =IF($D14=BL$1,$E14+$V14,(IF($J14=BL$1,$K14+$W14,BL13))) -> 1053
... A107: 44661 | B107: Secondary | D107: Monaghan | E107: =HLOOKUP(D107,AA$1:CB$10080,ROW()-1,FALSE) -> 475 | F107: 3 | G107: 9 | H107: =F107*3+G107 -> 18 | J107: Cavan | K107: =HLOOKUP(J107,AA$1:CB$10080,ROW()-1,FALSE) -> 42 | L107: 2 | M107: 9 | N107: =L107*3+M107 -> 15 | P107: Y | R107: =MIN(Rules!$E$2,(MAX(H107/N107,N107/H107))) -> 1.2 | S107: =VLOOKUP(B107,Rules!A:B,2,FALSE) -> 50 | U107: =1/(10^(-(E107+(IF(P107="Y",Rules!$I$2,0))-K107)/Rules!$E$12)+1) -> 0.9361246 | V107: =ROUND(IF(H107>N107,(S107*R107*(1-U107)),IF(H107<N107,(S107*R107*(0-U107)),S107*R107*(0.5-U107))),0) -> 4 | W107: =-1*V107 -> -4 | AA107: =IF($D107=AA$1,$E107+$V107,(IF($J107=AA$1,$K107+$W107,AA106))) -> 1501 | AB107: =IF($D107=AB$1,$E107+$V107,(IF($J107=AB$1,$K107+$W107,AB106))) -> 768 | AC107: =IF($D107=AC$1,$E107+$V107,(IF($J107=AC$1,$K107+$W107,AC106))) -> 1393 | AD107: =IF($D107=AD$1,$E107+$V107,(IF($J107=AD$1,$K107+$W107,AD106))) -> 38 | AE107: =IF($D107=AE$1,$E107+$V107,(IF($J107=AE$1,$K107+$W107,AE106))) -> 1949 | AF107: =IF($D107=AF$1,$E107+$V107,(IF($J107=AF$1,$K107+$W107,AF106))) -> 2067 | AG107: =IF($D107=AG$1,$E107+$V107,(IF($J107=AG$1,$K107+$W107,AG106))) -> 1201 | AH107: =IF($D107=AH$1,$E107+$V107,(IF($J107=AH$1,$K107+$W107,AH106))) -> 1003 | ... BL107: =IF($D107=BL$1,$E107+$V107,(IF($J107=BL$1,$K107+$W107,BL106))) -> 944
A108: 44661 | B108: Secondary | D108: Leitrim | E108: =HLOOKUP(D108,AA$1:CB$10080,ROW()-1,FALSE) -> 257 | F108: 4 | G108: 9 | H108: =F108*3+G108 -> 21 | J108: Longford | K108: =HLOOKUP(J108,AA$1:CB$10080,ROW()-1,FALSE) -> 430 | L108: 0 | M108: 20 | N108: =L108*3+M107 -> 9 | P108: Y | R108: =MIN(Rules!$E$2,(MAX(H108/N108,N108/H108))) -> 2 | S108: =VLOOKUP(B108,Rules!A:B,2,FALSE) -> 50 | U108: =1/(10^(-(E108+(IF(P108="Y",Rules!$I$2,0))-K108)/Rules!$E$12)+1) -> 0.473545 | V108: =ROUND(IF(H108>N108,(S108*R108*(1-U108)),IF(H108<N108,(S108*R108*(0-U108)),S108*R108*(0.5-U108))),0) -> 53 | W108: =-1*V108 -> -53 | AA108: =IF($D108=AA$1,$E108+$V108,(IF($J108=AA$1,$K108+$W108,AA107))) -> 1501 | AB108: =IF($D108=AB$1,$E108+$V108,(IF($J108=AB$1,$K108+$W108,AB107))) -> 768 | AC108: =IF($D108=AC$1,$E108+$V108,(IF($J108=AC$1,$K108+$W108,AC107))) -> 1393 | AD108: =IF($D108=AD$1,$E108+$V108,(IF($J108=AD$1,$K108+$W108,AD107))) -> 38 | AE108: =IF($D108=AE$1,$E108+$V108,(IF($J108=AE$1,$K108+$W108,AE107))) -> 1949 | AF108: =IF($D108=AF$1,$E108+$V108,(IF($J108=AF$1,$K108+$W108,AF107))) -> 2067 | AG108: =IF($D108=AG$1,$E108+$V108,(IF($J108=AG$1,$K108+$W108,AG107))) -> 1201 | AH108: =IF($D108=AH$1,$E108+$V108,(IF($J108=AH$1,$K108+$W108,AH107))) -> 1003 | ... BL108: =IF($D108=BL$1,$E108+$V108,(IF($J108=BL$1,$K108+$W108,BL107))) -> 944
A109: 44661 | B109: Secondary | D109: Lancashire | E109: =HLOOKUP(D109,AA$1:CB$10080,ROW()-1,FALSE) -> 367 | F109: 1 | G109: 10 | H109: =F109*3+G109 -> 13 | J109: Louth | K109: =HLOOKUP(J109,AA$1:CB$10080,ROW()-1,FALSE) -> 365 | L109: 2 | M109: 27 | N109: =L109*3+M109 -> 33 | P109: N | R109: =MIN(Rules!$E$2,(MAX(H109/N109,N109/H109))) -> 2 | S109: =VLOOKUP(B109,Rules!A:B,2,FALSE) -> 50 | U109: =1/(10^(-(E109+(IF(P109="Y",Rules!$I$2,0))-K109)/Rules!$E$12)+1) -> 0.50230257 | V109: =ROUND(IF(H109>N109,(S109*R109*(1-U109)),IF(H109<N109,(S109*R109*(0-U109)),S109*R109*(0.5-U109))),0) -> -50 | W109: =-1*V109 -> 50 | AA109: =IF($D109=AA$1,$E109+$V109,(IF($J109=AA$1,$K109+$W109,AA108))) -> 1501 | AB109: =IF($D109=AB$1,$E109+$V109,(IF($J109=AB$1,$K109+$W109,AB108))) -> 768 | AC109: =IF($D109=AC$1,$E109+$V109,(IF($J109=AC$1,$K109+$W109,AC108))) -> 1393 | AD109: =IF($D109=AD$1,$E109+$V109,(IF($J109=AD$1,$K109+$W109,AD108))) -> 38 | AE109: =IF($D109=AE$1,$E109+$V109,(IF($J109=AE$1,$K109+$W109,AE108))) -> 1949 | AF109: =IF($D109=AF$1,$E109+$V109,(IF($J109=AF$1,$K109+$W109,AF108))) -> 2067 | AG109: =IF($D109=AG$1,$E109+$V109,(IF($J109=AG$1,$K109+$W109,AG108))) -> 1201 | AH109: =IF($D109=AH$1,$E109+$V109,(IF($J109=AH$1,$K109+$W109,AH108))) -> 1003 | ... BL109: =IF($D109=BL$1,$E109+$V109,(IF($J109=BL$1,$K109+$W109,BL108))) -> 944
A110: 44667 | B110: Provincial | D110: Dublin | E110: =HLOOKUP(D110,AA$1:CB$10080,ROW()-1,FALSE) -> 1806 | F110: 1 | G110: 20 | H110: =F110*3+G110 -> 23 | J110: Laois | K110: =HLOOKUP(J110,AA$1:CB$10080,ROW()-1,FALSE) -> 1526 | L110: 2 | M110: 15 | N110: =L110*3+M110 -> 21 | P110: Y | R110: =MIN(Rules!$E$2,(MAX(H110/N110,N110/H110))) -> 1.0952381 | S110: =VLOOKUP(B110,Rules!A:B,2,FALSE) -> 60 | U110: =1/(10^(-(E110+(IF(P110="Y",Rules!$I$2,0))-K110)/Rules!$E$12)+1) -> 0.87870495 | V110: =ROUND(IF(H110>N110,(S110*R110*(1-U110)),IF(H110<N110,(S110*R110*(0-U110)),S110*R110*(0.5-U110))),0) -> 8 | W110: =-1*V110 -> -8 | AA110: =IF($D110=AA$1,$E110+$V110,(IF($J110=AA$1,$K110+$W110,AA109))) -> 1501 | AB110: =IF($D110=AB$1,$E110+$V110,(IF($J110=AB$1,$K110+$W110,AB109))) -> 768 | AC110: =IF($D110=AC$1,$E110+$V110,(IF($J110=AC$1,$K110+$W110,AC109))) -> 1393 | AD110: =IF($D110=AD$1,$E110+$V110,(IF($J110=AD$1,$K110+$W110,AD109))) -> 38 | AE110: =IF($D110=AE$1,$E110+$V110,(IF($J110=AE$1,$K110+$W110,AE109))) -> 1949 | AF110: =IF($D110=AF$1,$E110+$V110,(IF($J110=AF$1,$K110+$W110,AF109))) -> 2067 | AG110: =IF($D110=AG$1,$E110+$V110,(IF($J110=AG$1,$K110+$W110,AG109))) -> 1201 | AH110: =IF($D110=AH$1,$E110+$V110,(IF($J110=AH$1,$K110+$W110,AH109))) -> 1003 | ... BL110: =IF($D110=BL$1,$E110+$V110,(IF($J110=BL$1,$K110+$W110,BL109))) -> 944
A111: 44667 | B111: Provincial | D111: Westmeath | E111: =HLOOKUP(D111,AA$1:CB$10080,ROW()-1,FALSE) -> 1529 | F111: 1 | G111: 19 | H111: =F111*3+G111 -> 22 | J111: Kilkenny | K111: =HLOOKUP(J111,AA$1:CB$10080,ROW()-1,FALSE) -> 2063 | L111: 5 | M111: 23 | N111: =L111*3+M111 -> 38 | P111: Y | R111: =MIN(Rules!$E$2,(MAX(H111/N111,N111/H111))) -> 1.7272727 | S111: =VLOOKUP(B111,Rules!A:B,2,FALSE) -> 60 | U111: =1/(10^(-(E111+(IF(P111="Y",Rules!$I$2,0))-K111)/Rules!$E$12)+1) -> 0.14574324 | V111: =ROUND(IF(H111>N111,(S111*R111*(1-U111)),IF(H111<N111,(S111*R111*(0-U111)),S111*R111*(0.5-U111))),0) -> -15 | W111: =-1*V111 -> 15 | AA111: =IF($D111=AA$1,$E111+$V111,(IF($J111=AA$1,$K111+$W111,AA110))) -> 1501 | AB111: =IF($D111=AB$1,$E111+$V111,(IF($J111=AB$1,$K111+$W111,AB110))) -> 768 | AC111: =IF($D111=AC$1,$E111+$V111,(IF($J111=AC$1,$K111+$W111,AC110))) -> 1393 | AD111: =IF($D111=AD$1,$E111+$V111,(IF($J111=AD$1,$K111+$W111,AD110))) -> 38 | AE111: =IF($D111=AE$1,$E111+$V111,(IF($J111=AE$1,$K111+$W111,AE110))) -> 1949 | AF111: =IF($D111=AF$1,$E111+$V111,(IF($J111=AF$1,$K111+$W111,AF110))) -> 2067 | AG111: =IF($D111=AG$1,$E111+$V111,(IF($J111=AG$1,$K111+$W111,AG110))) -> 1201 | AH111: =IF($D111=AH$1,$E111+$V111,(IF($J111=AH$1,$K111+$W111,AH110))) -> 1003 | ... BL111: =IF($D111=BL$1,$E111+$V111,(IF($J111=BL$1,$K111+$W111,BL110))) -> 944
A112: 44667 | B112: Provincial | D112: Wexford | E112: =HLOOKUP(D112,AA$1:CB$10080,ROW()-1,FALSE) -> 2000 | F112: 1 | G112: 19 | H112: =F112*3+G112 -> 22 | J112: Galway | K112: =HLOOKUP(J112,AA$1:CB$10080,ROW()-1,FALSE) -> 2071 | L112: 1 | M112: 19 | N112: =L112*3+M112 -> 22 | P112: Y | R112: =MIN(Rules!$E$2,(MAX(H112/N112,N112/H112))) -> 1 | S112: =VLOOKUP(B112,Rules!A:B,2,FALSE) -> 60 | U112: =1/(10^(-(E112+(IF(P112="Y",Rules!$I$2,0))-K112)/Rules!$E$12)+1) -> 0.58996204 | V112: =ROUND(IF(H112>N112,(S112*R112*(1-U112)),IF(H112<N112,(S112*R112*(0-U112)),S112*R112*(0.5-U112))),0) -> -5 | W112: =-1*V112 -> 5 | AA112: =IF($D112=AA$1,$E112+$V112,(IF($J112=AA$1,$K112+$W112,AA111))) -> 1501 | AB112: =IF($D112=AB$1,$E112+$V112,(IF($J112=AB$1,$K112+$W112,AB111))) -> 768 | AC112: =IF($D112=AC$1,$E112+$V112,(IF($J112=AC$1,$K112+$W112,AC111))) -> 1393 | AD112: =IF($D112=AD$1,$E112+$V112,(IF($J112=AD$1,$K112+$W112,AD111))) -> 38 | AE112: =IF($D112=AE$1,$E112+$V112,(IF($J112=AE$1,$K112+$W112,AE111))) -> 1949 | AF112: =IF($D112=AF$1,$E112+$V112,(IF($J112=AF$1,$K112+$W112,AF111))) -> 2067 | AG112: =IF($D112=AG$1,$E112+$V112,(IF($J112=AG$1,$K112+$W112,AG111))) -> 1201 | AH112: =IF($D112=AH$1,$E112+$V112,(IF($J112=AH$1,$K112+$W112,AH111))) -> 1003 | ... BL112: =IF($D112=BL$1,$E112+$V112,(IF($J112=BL$1,$K112+$W112,BL111))) -> 944
A113: 44667 | B113: Secondary | D113: Antrim | E113: =HLOOKUP(D113,AA$1:CB$10080,ROW()-1,FALSE) -> 1501 | F113: 3 | G113: 22 | H113: =F113*3+G113 -> 31 | J113: Offaly | K113: =HLOOKUP(J113,AA$1:CB$10080,ROW()-1,FALSE) -> 1483 | L113: 2 | M113: 24 | N113: =L113*3+M113 -> 30 | P113: Y | R113: =MIN(Rules!$E$2,(MAX(H113/N113,N113/H113))) -> 1.0333333 | S113: =VLOOKUP(B113,Rules!A:B,2,FALSE) -> 50 | U113: =1/(10^(-(E113+(IF(P113="Y",Rules!$I$2,0))-K113)/Rules!$E$12)+1) -> 0.68431395 | V113: =ROUND(IF(H113>N113,(S113*R113*(1-U113)),IF(H113<N113,(S113*R113*(0-U113)),S113*R113*(0.5-U113))),0) -> 16 | W113: =-1*V113 -> -16 | AA113: =IF($D113=AA$1,$E113+$V113,(IF($J113=AA$1,$K113+$W113,AA112))) -> 1517 | AB113: =IF($D113=AB$1,$E113+$V113,(IF($J113=AB$1,$K113+$W113,AB112))) -> 768 | AC113: =IF($D113=AC$1,$E113+$V113,(IF($J113=AC$1,$K113+$W113,AC112))) -> 1393 | AD113: =IF($D113=AD$1,$E113+$V113,(IF($J113=AD$1,$K113+$W113,AD112))) -> 38 | AE113: =IF($D113=AE$1,$E113+$V113,(IF($J113=AE$1,$K113+$W113,AE112))) -> 1949 | AF113: =IF($D113=AF$1,$E113+$V113,(IF($J113=AF$1,$K113+$W113,AF112))) -> 2067 | AG113: =IF($D113=AG$1,$E113+$V113,(IF($J113=AG$1,$K113+$W113,AG112))) -> 1201 | AH113: =IF($D113=AH$1,$E113+$V113,(IF($J113=AH$1,$K113+$W113,AH112))) -> 1003 | ... BL113: =IF($D113=BL$1,$E113+$V113,(IF($J113=BL$1,$K113+$W113,BL112))) -> 944
A114: 44667 | B114: Secondary | D114: Kerry | E114: =HLOOKUP(D114,AA$1:CB$10080,ROW()-1,FALSE) -> 1368 | F114: 0 | G114: 18 | H114: =F114*3+G114 -> 18 | J114: Derry | K114: =HLOOKUP(J114,AA$1:CB$10080,ROW()-1,FALSE) -> 1201 | L114: 1 | M114: 19 | N114: =L114*3+M114 -> 22 | P114: Y | R114: =MIN(Rules!$E$2,(MAX(H114/N114,N114/H114))) -> 1.2222222 | S114: =VLOOKUP(B114,Rules!A:B,2,FALSE) -> 50 | U114: =1/(10^(-(E114+(IF(P114="Y",Rules!$I$2,0))-K114)/Rules!$E$12)+1) -> 0.81150804 | V114: =ROUND(IF(H114>N114,(S114*R114*(1-U114)),IF(H114<N114,(S114*R114*(0-U114)),S114*R114*(0.5-U114))),0) -> -50 | W114: =-1*V114 -> 50 | AA114: =IF($D114=AA$1,$E114+$V114,(IF($J114=AA$1,$K114+$W114,AA113))) -> 1517 | AB114: =IF($D114=AB$1,$E114+$V114,(IF($J114=AB$1,$K114+$W114,AB113))) -> 768 | AC114: =IF($D114=AC$1,$E114+$V114,(IF($J114=AC$1,$K114+$W114,AC113))) -> 1393 | AD114: =IF($D114=AD$1,$E114+$V114,(IF($J114=AD$1,$K114+$W114,AD113))) -> 38 | AE114: =IF($D114=AE$1,$E114+$V114,(IF($J114=AE$1,$K114+$W114,AE113))) -> 1949 | AF114: =IF($D114=AF$1,$E114+$V114,(IF($J114=AF$1,$K114+$W114,AF113))) -> 2067 | AG114: =IF($D114=AG$1,$E114+$V114,(IF($J114=AG$1,$K114+$W114,AG113))) -> 1251 | AH114: =IF($D114=AH$1,$E114+$V114,(IF($J114=AH$1,$K114+$W114,AH113))) -> 1003 | ... BL114: =IF($D114=BL$1,$E114+$V114,(IF($J114=BL$1,$K114+$W114,BL113))) -> 944
A115: 44667 | B115: Secondary | D115: Meath | E115: =HLOOKUP(D115,AA$1:CB$10080,ROW()-1,FALSE) -> 1152 | F115: 0 | G115: 17 | H115: =F115*3+G115 -> 17 | J115: Carlow | K115: =HLOOKUP(J115,AA$1:CB$10080,ROW()-1,FALSE) -> 1393 | L115: 4 | M115: 30 | N115: =L115*3+M115 -> 42 | P115: Y | R115: =MIN(Rules!$E$2,(MAX(H115/N115,N115/H115))) -> 2 | S115: =VLOOKUP(B115,Rules!A:B,2,FALSE) -> 50 | U115: =1/(10^(-(E115+(IF(P115="Y",Rules!$I$2,0))-K115)/Rules!$E$12)+1) -> 0.3967392 | V115: =ROUND(IF(H115>N115,(S115*R115*(1-U115)),IF(H115<N115,(S115*R115*(0-U115)),S115*R115*(0.5-U115))),0) -> -40 | W115: =-1*V115 -> 40 | AA115: =IF($D115=AA$1,$E115+$V115,(IF($J115=AA$1,$K115+$W115,AA114))) -> 1517 | AB115: =IF($D115=AB$1,$E115+$V115,(IF($J115=AB$1,$K115+$W115,AB114))) -> 768 | AC115: =IF($D115=AC$1,$E115+$V115,(IF($J115=AC$1,$K115+$W115,AC114))) -> 1433 | AD115: =IF($D115=AD$1,$E115+$V115,(IF($J115=AD$1,$K115+$W115,AD114))) -> 38 | AE115: =IF($D115=AE$1,$E115+$V115,(IF($J115=AE$1,$K115+$W115,AE114))) -> 1949 | AF115: =IF($D115=AF$1,$E115+$V115,(IF($J115=AF$1,$K115+$W115,AF114))) -> 2067 | AG115: =IF($D115=AG$1,$E115+$V115,(IF($J115=AG$1,$K115+$W115,AG114))) -> 1251 | AH115: =IF($D115=AH$1,$E115+$V115,(IF($J115=AH$1,$K115+$W115,AH114))) -> 1003 | ... BL115: =IF($D115=BL$1,$E115+$V115,(IF($J115=BL$1,$K115+$W115,BL114))) -> 944
A116: 44667 | B116: Secondary | D116: Kildare | E116: =HLOOKUP(D116,AA$1:CB$10080,ROW()-1,FALSE) -> 1193 | F116: 3 | G116: 35 | H116: =F116*3+G116 -> 44 | J116: London | K116: =HLOOKUP(J116,AA$1:CB$10080,ROW()-1,FALSE) -> 933 | L116: 3 | M116: 14 | N116: =L116*3+M116 -> 23 | P116: Y | R116: =MIN(Rules!$E$2,(MAX(H116/N116,N116/H116))) -> 1.9130435 | S116: =VLOOKUP(B116,Rules!A:B,2,FALSE) -> 50 | U116: =1/(10^(-(E116+(IF(P116="Y",Rules!$I$2,0))-K116)/Rules!$E$12)+1) -> 0.868541 | V116: =ROUND(IF(H116>N116,(S116*R116*(1-U116)),IF(H116<N116,(S116*R116*(0-U116)),S116*R116*(0.5-U116))),0) -> 13 | W116: =-1*V116 -> -13 | AA116: =IF($D116=AA$1,$E116+$V116,(IF($J116=AA$1,$K116+$W116,AA115))) -> 1517 | AB116: =IF($D116=AB$1,$E116+$V116,(IF($J116=AB$1,$K116+$W116,AB115))) -> 768 | AC116: =IF($D116=AC$1,$E116+$V116,(IF($J116=AC$1,$K116+$W116,AC115))) -> 1433 | AD116: =IF($D116=AD$1,$E116+$V116,(IF($J116=AD$1,$K116+$W116,AD115))) -> 38 | AE116: =IF($D116=AE$1,$E116+$V116,(IF($J116=AE$1,$K116+$W116,AE115))) -> 1949 | AF116: =IF($D116=AF$1,$E116+$V116,(IF($J116=AF$1,$K116+$W116,AF115))) -> 2067 | AG116: =IF($D116=AG$1,$E116+$V116,(IF($J116=AG$1,$K116+$W116,AG115))) -> 1251 | AH116: =IF($D116=AH$1,$E116+$V116,(IF($J116=AH$1,$K116+$W116,AH115))) -> 1003 | ... BL116: =IF($D116=BL$1,$E116+$V116,(IF($J116=BL$1,$K116+$W116,BL115))) -> 944
A117: 44667 | B117: Secondary | D117: Wicklow | E117: =HLOOKUP(D117,AA$1:CB$10080,ROW()-1,FALSE) -> 944 | F117: 2 | G117: 10 | H117: =F117*3+G117 -> 16 | J117: Mayo | K117: =HLOOKUP(J117,AA$1:CB$10080,ROW()-1,FALSE) -> 822 | L117: 0 | M117: 26 | N117: =L117*3+M117 -> 26 | P117: Y | R117: =MIN(Rules!$E$2,(MAX(H117/N117,N117/H117))) -> 1.625 | S117: =VLOOKUP(B117,Rules!A:B,2,FALSE) -> 50 | U117: =1/(10^(-(E117+(IF(P117="Y",Rules!$I$2,0))-K117)/Rules!$E$12)+1) -> 0.7777507 | V117: =ROUND(IF(H117>N117,(S117*R117*(1-U117)),IF(H117<N117,(S117*R117*(0-U117)),S117*R117*(0.5-U117))),0) -> -63 | W117: =-1*V117 -> 63 | AA117: =IF($D117=AA$1,$E117+$V117,(IF($J117=AA$1,$K117+$W117,AA116))) -> 1517 | AB117: =IF($D117=AB$1,$E117+$V117,(IF($J117=AB$1,$K117+$W117,AB116))) -> 768 | AC117: =IF($D117=AC$1,$E117+$V117,(IF($J117=AC$1,$K117+$W117,AC116))) -> 1433 | AD117: =IF($D117=AD$1,$E117+$V117,(IF($J117=AD$1,$K117+$W117,AD116))) -> 38 | AE117: =IF($D117=AE$1,$E117+$V117,(IF($J117=AE$1,$K117+$W117,AE116))) -> 1949 | AF117: =IF($D117=AF$1,$E117+$V117,(IF($J117=AF$1,$K117+$W117,AF116))) -> 2067 | AG117: =IF($D117=AG$1,$E117+$V117,(IF($J117=AG$1,$K117+$W117,AG116))) -> 1251 | AH117: =IF($D117=AH$1,$E117+$V117,(IF($J117=AH$1,$K117+$W117,AH116))) -> 1003 | ... BL117: =IF($D117=BL$1,$E117+$V117,(IF($J117=BL$1,$K117+$W117,BL116))) -> 881
A118: 44667 | B118: Secondary | D118: Longford | E118: =HLOOKUP(D118,AA$1:CB$10080,ROW()-1,FALSE) -> 377 | F118: 0 | G118: 17 | H118: =F118*3+G118 -> 17 | J118: Lancashire | K118: =HLOOKUP(J118,AA$1:CB$10080,ROW()-1,FALSE) -> 317 | L118: 1 | M118: 12 | N118: =L118*3+M118 -> 15 | P118: Y | R118: =MIN(Rules!$E$2,(MAX(H118/N118,N118/H118))) -> 1.1333333 | S118: =VLOOKUP(B118,Rules!A:B,2,FALSE) -> 50 | U118: =1/(10^(-(E118+(IF(P118="Y",Rules!$I$2,0))-K118)/Rules!$E$12)+1) -> 0.72453824 | V118: =ROUND(IF(H118>N118,(S118*R118*(1-U118)),IF(H118<N118,(S118*R118*(0-U118)),S118*R118*(0.5-U118))),0) -> 16 | W118: =-1*V118 -> -16 | AA118: =IF($D118=AA$1,$E118+$V118,(IF($J118=AA$1,$K118+$W118,AA117))) -> 1517 | AB118: =IF($D118=AB$1,$E118+$V118,(IF($J118=AB$1,$K118+$W118,AB117))) -> 768 | AC118: =IF($D118=AC$1,$E118+$V118,(IF($J118=AC$1,$K118+$W118,AC117))) -> 1433 | AD118: =IF($D118=AD$1,$E118+$V118,(IF($J118=AD$1,$K118+$W118,AD117))) -> 38 | AE118: =IF($D118=AE$1,$E118+$V118,(IF($J118=AE$1,$K118+$W118,AE117))) -> 1949 | AF118: =IF($D118=AF$1,$E118+$V118,(IF($J118=AF$1,$K118+$W118,AF117))) -> 2067 | AG118: =IF($D118=AG$1,$E118+$V118,(IF($J118=AG$1,$K118+$W118,AG117))) -> 1251 | AH118: =IF($D118=AH$1,$E118+$V118,(IF($J118=AH$1,$K118+$W118,AH117))) -> 1003 | ... BL118: =IF($D118=BL$1,$E118+$V118,(IF($J118=BL$1,$K118+$W118,BL117))) -> 881
A119: 44668 | B119: Provincial | D119: Waterford | E119: =HLOOKUP(D119,AA$1:CB$10080,ROW()-1,FALSE) -> 2076 | F119: 2 | G119: 24 | H119: =F119*3+G119 -> 30 | J119: Tipperary | K119: =HLOOKUP(J119,AA$1:CB$10080,ROW()-1,FALSE) -> 2101 | L119: 2 | M119: 20 | N119: =L119*3+M119 -> 26 | P119: Y | R119: =MIN(Rules!$E$2,(MAX(H119/N119,N119/H119))) -> 1.1538462 | S119: =VLOOKUP(B119,Rules!A:B,2,FALSE) -> 60 | U119: =1/(10^(-(E119+(IF(P119="Y",Rules!$I$2,0))-K119)/Rules!$E$12)+1) -> 0.640065 | V119: =ROUND(IF(H119>N119,(S119*R119*(1-U119)),IF(H119<N119,(S119*R119*(0-U119)),S119*R119*(0.5-U119))),0) -> 25 | W119: =-1*V119 -> -25 | AA119: =IF($D119=AA$1,$E119+$V119,(IF($J119=AA$1,$K119+$W119,AA118))) -> 1517 | AB119: =IF($D119=AB$1,$E119+$V119,(IF($J119=AB$1,$K119+$W119,AB118))) -> 768 | AC119: =IF($D119=AC$1,$E119+$V119,(IF($J119=AC$1,$K119+$W119,AC118))) -> 1433 | AD119: =IF($D119=AD$1,$E119+$V119,(IF($J119=AD$1,$K119+$W119,AD118))) -> 38 | AE119: =IF($D119=AE$1,$E119+$V119,(IF($J119=AE$1,$K119+$W119,AE118))) -> 1949 | AF119: =IF($D119=AF$1,$E119+$V119,(IF($J119=AF$1,$K119+$W119,AF118))) -> 2067 | AG119: =IF($D119=AG$1,$E119+$V119,(IF($J119=AG$1,$K119+$W119,AG118))) -> 1251 | AH119: =IF($D119=AH$1,$E119+$V119,(IF($J119=AH$1,$K119+$W119,AH118))) -> 1003 | ... BL119: =IF($D119=BL$1,$E119+$V119,(IF($J119=BL$1,$K119+$W119,BL118))) -> 881
A120: 44668 | B120: Provincial | D120: Cork | E120: =HLOOKUP(D120,AA$1:CB$10080,ROW()-1,FALSE) -> 2067 | F120: 1 | G120: 17 | H120: =F120*3+G120 -> 20 | J120: Limerick | K120: =HLOOKUP(J120,AA$1:CB$10080,ROW()-1,FALSE) -> 2226 | L120: 2 | M120: 25 | N120: =L120*3+M120 -> 31 | P120: Y | R120: =MIN(Rules!$E$2,(MAX(H120/N120,N120/H120))) -> 1.55 | S120: =VLOOKUP(B120,Rules!A:B,2,FALSE) -> 60 | U120: =1/(10^(-(E120+(IF(P120="Y",Rules!$I$2,0))-K120)/Rules!$E$12)+1) -> 0.48963985 | V120: =ROUND(IF(H120>N120,(S120*R120*(1-U120)),IF(H120<N120,(S120*R120*(0-U120)),S120*R120*(0.5-U120))),0) -> -46 | W120: =-1*V120 -> 46 | AA120: =IF($D120=AA$1,$E120+$V120,(IF($J120=AA$1,$K120+$W120,AA119))) -> 1517 | AB120: =IF($D120=AB$1,$E120+$V120,(IF($J120=AB$1,$K120+$W120,AB119))) -> 768 | AC120: =IF($D120=AC$1,$E120+$V120,(IF($J120=AC$1,$K120+$W120,AC119))) -> 1433 | AD120: =IF($D120=AD$1,$E120+$V120,(IF($J120=AD$1,$K120+$W120,AD119))) -> 38 | AE120: =IF($D120=AE$1,$E120+$V120,(IF($J120=AE$1,$K120+$W120,AE119))) -> 1949 | AF120: =IF($D120=AF$1,$E120+$V120,(IF($J120=AF$1,$K120+$W120,AF119))) -> 2021 | AG120: =IF($D120=AG$1,$E120+$V120,(IF($J120=AG$1,$K120+$W120,AG119))) -> 1251 | AH120: =IF($D120=AH$1,$E120+$V120,(IF($J120=AH$1,$K120+$W120,AH119))) -> 1003 | ... BL120: =IF($D120=BL$1,$E120+$V120,(IF($J120=BL$1,$K120+$W120,BL119))) -> 881
... A198: 44729 | B198: All-Ireland | D198: Limerick | E198: =HLOOKUP(D198,AA$1:CB$10080,ROW()-1,FALSE) -> 2329 | F198: 1 | G198: 31 | H198: =F198*3+G198 -> 34 | J198: Kilkenny | K198: =HLOOKUP(J198,AA$1:CB$10080,ROW()-1,FALSE) -> 2164 | L198: 2 | M198: 26 | N198: =L198*3+M198 -> 32 | P198: N | R198: =MIN(Rules!$E$2,(MAX(H198/N198,N198/H198))) -> 1.0625 | S198: =VLOOKUP(B198,Rules!A:B,2,FALSE) -> 80 | U198: =1/(10^(-(E198+(IF(P198="Y",Rules!$I$2,0))-K198)/Rules!$E$12)+1) -> 0.68132184 | V198: =ROUND(IF(H198>N198,(S198*R198*(1-U198)),IF(H198<N198,(S198*R198*(0-U198)),S198*R198*(0.5-U198))),0) -> 27 | W198: =-1*V198 -> -27 | AA198: =IF($D198=AA$1,$E198+$V198,(IF($J198=AA$1,$K198+$W198,AA197))) -> 1550 | AB198: =IF($D198=AB$1,$E198+$V198,(IF($J198=AB$1,$K198+$W198,AB197))) -> 773 | AC198: =IF($D198=AC$1,$E198+$V198,(IF($J198=AC$1,$K198+$W198,AC197))) -> 1419 | AD198: =IF($D198=AD$1,$E198+$V198,(IF($J198=AD$1,$K198+$W198,AD197))) -> -37 | AE198: =IF($D198=AE$1,$E198+$V198,(IF($J198=AE$1,$K198+$W198,AE197))) -> 2015 | AF198: =IF($D198=AF$1,$E198+$V198,(IF($J198=AF$1,$K198+$W198,AF197))) -> 2088 | AG198: =IF($D198=AG$1,$E198+$V198,(IF($J198=AG$1,$K198+$W198,AG197))) -> 1203 | AH198: =IF($D198=AH$1,$E198+$V198,(IF($J198=AH$1,$K198+$W198,AH197))) -> 987 | ... BL198: =IF($D198=BL$1,$E198+$V198,(IF($J198=BL$1,$K198+$W198,BL197))) -> 801

Sheet 2021
A1: Date | B1: Grade | D1: Team 1 | E1: Elo | F1: G | G1: P | H1: Sc | J1: Team 2 | K1: Elo | L1: G | M1: P | N1: Sc | P1: Home? | R1: Margin* | S1: Weight | U1: T1 win odds | V1: Result T1 | W1: Result T2 | AA1: Antrim | AB1: Armagh | AC1: Carlow | AD1: Cavan | AE1: Clare | AF1: Cork | AG1: Derry | AH1: Donegal | AI1: Down | AJ1: Dublin | AK1: Fermanagh | AL1: Fingal | AM1: Galway | AN1: Kerry | AO1: Kildare | AP1: Kilkenny | AQ1: Lancashire | AR1: Laois | AS1: Leitrim | AT1: Limerick | AU1: London | AV1: Longford | AW1: Louth | AX1: Mayo | AY1: Meath | AZ1: Monaghan | BA1: New York | BB1: Offaly | BC1: Roscommon | BD1: Sligo | BE1: South Down | BF1: Tipperary | BG1: Tyrone | BH1: Warwickshire | BI1: Waterford | BJ1: Westmeath | BK1: Wexford | BL1: Wicklow
Z2: opening | AA2: =LOOKUP(9.999E+307,'2020'!AA:AA) -> 1560 | AB2: =LOOKUP(9.999E+307,'2020'!AB:AB) -> 860 | AC2: =LOOKUP(9.999E+307,'2020'!AC:AC) -> 1418 | AD2: =LOOKUP(9.999E+307,'2020'!AD:AD) -> 79 | AE2: =LOOKUP(9.999E+307,'2020'!AE:AE) -> 1988 | AF2: =LOOKUP(9.999E+307,'2020'!AF:AF) -> 1920 | AG2: =LOOKUP(9.999E+307,'2020'!AG:AG) -> 1004 | AH2: =LOOKUP(9.999E+307,'2020'!AH:AH) -> 952 | AI2: =LOOKUP(9.999E+307,'2020'!AI:AI) -> 1290 | AJ2: =LOOKUP(9.999E+307,'2020'!AJ:AJ) -> 1768 | AK2: =LOOKUP(9.999E+307,'2020'!AK:AK) -> 155 | AL2: =LOOKUP(9.999E+307,'2020'!AL:AL) -> 717 | AM2: =LOOKUP(9.999E+307,'2020'!AM:AM) -> 2131 | AN2: =LOOKUP(9.999E+307,'2020'!AN:AN) -> 1484 | AO2: =LOOKUP(9.999E+307,'2020'!AO:AO) -> 1167 | AP2: =LOOKUP(9.999E+307,'2020'!AP:AP) -> 2027 | AQ2: =LOOKUP(9.999E+307,'2020'!AQ:AQ) -> 424 | AR2: =LOOKUP(9.999E+307,'2020'!AR:AR) -> 1575 | AS2: =LOOKUP(9.999E+307,'2020'!AS:AS) -> 338 | AT2: =LOOKUP(9.999E+307,'2020'!AT:AT) -> 2353 | AU2: =LOOKUP(9.999E+307,'2020'!AU:AU) -> 904 | AV2: =LOOKUP(9.999E+307,'2020'!AV:AV) -> 479 | AW2: =LOOKUP(9.999E+307,'2020'!AW:AW) -> 378 | AX2: =LOOKUP(9.999E+307,'2020'!AX:AX) -> 1021 | AY2: =LOOKUP(9.999E+307,'2020'!AY:AY) -> 1231 | AZ2: =LOOKUP(9.999E+307,'2020'!AZ:AZ) -> 549 | BA2: =LOOKUP(9.999E+307,'2020'!BA:BA) -> 0 | BB2: =LOOKUP(9.999E+307,'2020'!BB:BB) -> 1385 | BC2: =LOOKUP(9.999E+307,'2020'!BC:BC) -> 899 | BD2: =LOOKUP(9.999E+307,'2020'!BD:BD) -> 718 | BE2: =LOOKUP(9.999E+307,'2020'!BE:BE) -> 638 | BF2: =LOOKUP(9.999E+307,'2020'!BF:BF) -> 2093 | BG2: =LOOKUP(9.999E+307,'2020'!BG:BG) -> 780 | BH2: =LOOKUP(9.999E+307,'2020'!BH:BH) -> 712 | BI2: =LOOKUP(9.999E+307,'2020'!BI:BI) -> 2012 | BJ2: =LOOKUP(9.999E+307,'2020'!BJ:BJ) -> 1399 | BK2: =LOOKUP(9.999E+307,'2020'!BK:BK) -> 1925 | BL2: =LOOKUP(9.999E+307,'2020'!BL:BL) -> 1142
A3: 44324 | B3: League | D3: Westmeath | E3: =HLOOKUP(D3,AA$1:CB$10002,ROW()-1,FALSE) -> 1399 | F3: 1 | G3: 16 | H3: =F3*3+G3 -> 19 | J3: Galway | K3: =HLOOKUP(J3,AA$1:CB$10002,ROW()-1,FALSE) -> 2131 | L3: 5 | M3: 34 | N3: =L3*3+M3 -> 49 | P3: Y | R3: =MIN(Rules!$E$2,(MAX(H3/N3,N3/H3))) -> 2 | S3: =VLOOKUP(B3,Rules!A:B,2,FALSE) -> 40 | U3: =1/(10^(-(E3+(IF(P3="Y",Rules!$I$2,0))-K3)/Rules!$E$12)+1) -> 0.064151325 | V3: =ROUND(IF(H3>N3,(S3*R3*(1-U3)),IF(H3<N3,(S3*R3*(0-U3)),S3*R3*(0.5-U3))),0) -> -5 | W3: =-1*V3 -> 5 | AA3: =IF($D3=AA$1,$E3+$V3,(IF($J3=AA$1,$K3+$W3,AA2))) -> 1560 | AB3: =IF($D3=AB$1,$E3+$V3,(IF($J3=AB$1,$K3+$W3,AB2))) -> 860 | AC3: =IF($D3=AC$1,$E3+$V3,(IF($J3=AC$1,$K3+$W3,AC2))) -> 1418 | AD3: =IF($D3=AD$1,$E3+$V3,(IF($J3=AD$1,$K3+$W3,AD2))) -> 79 | AE3: =IF($D3=AE$1,$E3+$V3,(IF($J3=AE$1,$K3+$W3,AE2))) -> 1988 | AF3: =IF($D3=AF$1,$E3+$V3,(IF($J3=AF$1,$K3+$W3,AF2))) -> 1920 | AG3: =IF($D3=AG$1,$E3+$V3,(IF($J3=AG$1,$K3+$W3,AG2))) -> 1004 | AH3: =IF($D3=AH$1,$E3+$V3,(IF($J3=AH$1,$K3+$W3,AH2))) -> 952 | ... BL3: =IF($D3=BL$1,$E3+$V3,(IF($J3=BL$1,$K3+$W3,BL2))) -> 1142
A4: 44324 | B4: League | D4: Dublin | E4: =HLOOKUP(D4,AA$1:CB$10002,ROW()-1,FALSE) -> 1768 | F4: 0 | G4: 18 | H4: =F4*3+G4 -> 18 | J4: Kilkenny | K4: =HLOOKUP(J4,AA$1:CB$10002,ROW()-1,FALSE) -> 2027 | L4: 1 | M4: 20 | N4: =L4*3+M4 -> 23 | P4: Y | R4: =MIN(Rules!$E$2,(MAX(H4/N4,N4/H4))) -> 1.2777778 | S4: =VLOOKUP(B4,Rules!A:B,2,FALSE) -> 40 | U4: =1/(10^(-(E4+(IF(P4="Y",Rules!$I$2,0))-K4)/Rules!$E$12)+1) -> 0.37707934 | V4: =ROUND(IF(H4>N4,(S4*R4*(1-U4)),IF(H4<N4,(S4*R4*(0-U4)),S4*R4*(0.5-U4))),0) -> -19 | W4: =-1*V4 -> 19 | AA4: =IF($D4=AA$1,$E4+$V4,(IF($J4=AA$1,$K4+$W4,AA3))) -> 1560 | AB4: =IF($D4=AB$1,$E4+$V4,(IF($J4=AB$1,$K4+$W4,AB3))) -> 860 | AC4: =IF($D4=AC$1,$E4+$V4,(IF($J4=AC$1,$K4+$W4,AC3))) -> 1418 | AD4: =IF($D4=AD$1,$E4+$V4,(IF($J4=AD$1,$K4+$W4,AD3))) -> 79 | AE4: =IF($D4=AE$1,$E4+$V4,(IF($J4=AE$1,$K4+$W4,AE3))) -> 1988 | AF4: =IF($D4=AF$1,$E4+$V4,(IF($J4=AF$1,$K4+$W4,AF3))) -> 1920 | AG4: =IF($D4=AG$1,$E4+$V4,(IF($J4=AG$1,$K4+$W4,AG3))) -> 1004 | AH4: =IF($D4=AH$1,$E4+$V4,(IF($J4=AH$1,$K4+$W4,AH3))) -> 952 | ... BL4: =IF($D4=BL$1,$E4+$V4,(IF($J4=BL$1,$K4+$W4,BL3))) -> 1142
A5: 44324 | B5: League | D5: Limerick | E5: =HLOOKUP(D5,AA$1:CB$10002,ROW()-1,FALSE) -> 2353 | F5: 0 | G5: 20 | H5: =F5*3+G5 -> 20 | J5: Tipperary | K5: =HLOOKUP(J5,AA$1:CB$10002,ROW()-1,FALSE) -> 2093 | L5: 0 | M5: 20 | N5: =L5*3+M5 -> 20 | P5: Y | R5: =MIN(Rules!$E$2,(MAX(H5/N5,N5/H5))) -> 1 | S5: =VLOOKUP(B5,Rules!A:B,2,FALSE) -> 40 | U5: =1/(10^(-(E5+(IF(P5="Y",Rules!$I$2,0))-K5)/Rules!$E$12)+1) -> 0.868541 | V5: =ROUND(IF(H5>N5,(S5*R5*(1-U5)),IF(H5<N5,(S5*R5*(0-U5)),S5*R5*(0.5-U5))),0) -> -15 | W5: =-1*V5 -> 15 | AA5: =IF($D5=AA$1,$E5+$V5,(IF($J5=AA$1,$K5+$W5,AA4))) -> 1560 | AB5: =IF($D5=AB$1,$E5+$V5,(IF($J5=AB$1,$K5+$W5,AB4))) -> 860 | AC5: =IF($D5=AC$1,$E5+$V5,(IF($J5=AC$1,$K5+$W5,AC4))) -> 1418 | AD5: =IF($D5=AD$1,$E5+$V5,(IF($J5=AD$1,$K5+$W5,AD4))) -> 79 | AE5: =IF($D5=AE$1,$E5+$V5,(IF($J5=AE$1,$K5+$W5,AE4))) -> 1988 | AF5: =IF($D5=AF$1,$E5+$V5,(IF($J5=AF$1,$K5+$W5,AF4))) -> 1920 | AG5: =IF($D5=AG$1,$E5+$V5,(IF($J5=AG$1,$K5+$W5,AG4))) -> 1004 | AH5: =IF($D5=AH$1,$E5+$V5,(IF($J5=AH$1,$K5+$W5,AH4))) -> 952 | ... BL5: =IF($D5=BL$1,$E5+$V5,(IF($J5=BL$1,$K5+$W5,BL4))) -> 1142
A6: 44325 | B6: League | D6: Cork | E6: =HLOOKUP(D6,AA$1:CB$10002,ROW()-1,FALSE) -> 1920 | F6: 5 | G6: 22 | H6: =F6*3+G6 -> 37 | J6: Waterford | K6: =HLOOKUP(J6,AA$1:CB$10002,ROW()-1,FALSE) -> 2012 | L6: 1 | M6: 27 | N6: =L6*3+M6 -> 30 | P6: Y | R6: =MIN(Rules!$E$2,(MAX(H6/N6,N6/H6))) -> 1.2333333 | S6: =VLOOKUP(B6,Rules!A:B,2,FALSE) -> 40 | U6: =1/(10^(-(E6+(IF(P6="Y",Rules!$I$2,0))-K6)/Rules!$E$12)+1) -> 0.56638079 | V6: =ROUND(IF(H6>N6,(S6*R6*(1-U6)),IF(H6<N6,(S6*R6*(0-U6)),S6*R6*(0.5-U6))),0) -> 21 | W6: =-1*V6 -> -21 | AA6: =IF($D6=AA$1,$E6+$V6,(IF($J6=AA$1,$K6+$W6,AA5))) -> 1560 | AB6: =IF($D6=AB$1,$E6+$V6,(IF($J6=AB$1,$K6+$W6,AB5))) -> 860 | AC6: =IF($D6=AC$1,$E6+$V6,(IF($J6=AC$1,$K6+$W6,AC5))) -> 1418 | AD6: =IF($D6=AD$1,$E6+$V6,(IF($J6=AD$1,$K6+$W6,AD5))) -> 79 | AE6: =IF($D6=AE$1,$E6+$V6,(IF($J6=AE$1,$K6+$W6,AE5))) -> 1988 | AF6: =IF($D6=AF$1,$E6+$V6,(IF($J6=AF$1,$K6+$W6,AF5))) -> 1941 | AG6: =IF($D6=AG$1,$E6+$V6,(IF($J6=AG$1,$K6+$W6,AG5))) -> 1004 | AH6: =IF($D6=AH$1,$E6+$V6,(IF($J6=AH$1,$K6+$W6,AH5))) -> 952 | ... BL6: =IF($D6=BL$1,$E6+$V6,(IF($J6=BL$1,$K6+$W6,BL5))) -> 1142
A7: 44325 | B7: League | D7: Antrim | E7: =HLOOKUP(D7,AA$1:CB$10002,ROW()-1,FALSE) -> 1560 | F7: 1 | G7: 21 | H7: =F7*3+G7 -> 24 | J7: Clare | K7: =HLOOKUP(J7,AA$1:CB$10002,ROW()-1,FALSE) -> 1988 | L7: 0 | M7: 22 | N7: =L7*3+M7 -> 22 | P7: Y | R7: =MIN(Rules!$E$2,(MAX(H7/N7,N7/H7))) -> 1.0909091 | S7: =VLOOKUP(B7,Rules!A:B,2,FALSE) -> 40 | U7: =1/(10^(-(E7+(IF(P7="Y",Rules!$I$2,0))-K7)/Rules!$E$12)+1) -> 0.21750983 | V7: =ROUND(IF(H7>N7,(S7*R7*(1-U7)),IF(H7<N7,(S7*R7*(0-U7)),S7*R7*(0.5-U7))),0) -> 34 | W7: =-1*V7 -> -34 | AA7: =IF($D7=AA$1,$E7+$V7,(IF($J7=AA$1,$K7+$W7,AA6))) -> 1594 | AB7: =IF($D7=AB$1,$E7+$V7,(IF($J7=AB$1,$K7+$W7,AB6))) -> 860 | AC7: =IF($D7=AC$1,$E7+$V7,(IF($J7=AC$1,$K7+$W7,AC6))) -> 1418 | AD7: =IF($D7=AD$1,$E7+$V7,(IF($J7=AD$1,$K7+$W7,AD6))) -> 79 | AE7: =IF($D7=AE$1,$E7+$V7,(IF($J7=AE$1,$K7+$W7,AE6))) -> 1954 | AF7: =IF($D7=AF$1,$E7+$V7,(IF($J7=AF$1,$K7+$W7,AF6))) -> 1941 | AG7: =IF($D7=AG$1,$E7+$V7,(IF($J7=AG$1,$K7+$W7,AG6))) -> 1004 | AH7: =IF($D7=AH$1,$E7+$V7,(IF($J7=AH$1,$K7+$W7,AH6))) -> 952 | ... BL7: =IF($D7=BL$1,$E7+$V7,(IF($J7=BL$1,$K7+$W7,BL6))) -> 1142
A8: 44325 | B8: League | D8: Wexford | E8: =HLOOKUP(D8,AA$1:CB$10002,ROW()-1,FALSE) -> 1925 | F8: 4 | G8: 17 | H8: =F8*3+G8 -> 29 | J8: Laois | K8: =HLOOKUP(J8,AA$1:CB$10002,ROW()-1,FALSE) -> 1575 | L8: 0 | M8: 10 | N8: =L8*3+M8 -> 10 | P8: Y | R8: =MIN(Rules!$E$2,(MAX(H8/N8,N8/H8))) -> 2 | S8: =VLOOKUP(B8,Rules!A:B,2,FALSE) -> 40 | U8: =1/(10^(-(E8+(IF(P8="Y",Rules!$I$2,0))-K8)/Rules!$E$12)+1) -> 0.90909091 | V8: =ROUND(IF(H8>N8,(S8*R8*(1-U8)),IF(H8<N8,(S8*R8*(0-U8)),S8*R8*(0.5-U8))),0) -> 7 | W8: =-1*V8 -> -7 | AA8: =IF($D8=AA$1,$E8+$V8,(IF($J8=AA$1,$K8+$W8,AA7))) -> 1594 | AB8: =IF($D8=AB$1,$E8+$V8,(IF($J8=AB$1,$K8+$W8,AB7))) -> 860 | AC8: =IF($D8=AC$1,$E8+$V8,(IF($J8=AC$1,$K8+$W8,AC7))) -> 1418 | AD8: =IF($D8=AD$1,$E8+$V8,(IF($J8=AD$1,$K8+$W8,AD7))) -> 79 | AE8: =IF($D8=AE$1,$E8+$V8,(IF($J8=AE$1,$K8+$W8,AE7))) -> 1954 | AF8: =IF($D8=AF$1,$E8+$V8,(IF($J8=AF$1,$K8+$W8,AF7))) -> 1941 | AG8: =IF($D8=AG$1,$E8+$V8,(IF($J8=AG$1,$K8+$W8,AG7))) -> 1004 | AH8: =IF($D8=AH$1,$E8+$V8,(IF($J8=AH$1,$K8+$W8,AH7))) -> 952 | ... BL8: =IF($D8=BL$1,$E8+$V8,(IF($J8=BL$1,$K8+$W8,BL7))) -> 1142
A9: 44325 | B9: League | D9: Kerry | E9: =HLOOKUP(D9,AA$1:CB$10002,ROW()-1,FALSE) -> 1484 | F9: 4 | G9: 18 | H9: =F9*3+G9 -> 30 | J9: Down | K9: =HLOOKUP(J9,AA$1:CB$10002,ROW()-1,FALSE) -> 1290 | L9: 0 | M9: 19 | N9: =L9*3+M9 -> 19 | P9: Y | R9: =MIN(Rules!$E$2,(MAX(H9/N9,N9/H9))) -> 1.5789474 | S9: =VLOOKUP(B9,Rules!A:B,2,FALSE) -> 40 | U9: =1/(10^(-(E9+(IF(P9="Y",Rules!$I$2,0))-K9)/Rules!$E$12)+1) -> 0.82979549 | V9: =ROUND(IF(H9>N9,(S9*R9*(1-U9)),IF(H9<N9,(S9*R9*(0-U9)),S9*R9*(0.5-U9))),0) -> 11 | W9: =-1*V9 -> -11 | AA9: =IF($D9=AA$1,$E9+$V9,(IF($J9=AA$1,$K9+$W9,AA8))) -> 1594 | AB9: =IF($D9=AB$1,$E9+$V9,(IF($J9=AB$1,$K9+$W9,AB8))) -> 860 | AC9: =IF($D9=AC$1,$E9+$V9,(IF($J9=AC$1,$K9+$W9,AC8))) -> 1418 | AD9: =IF($D9=AD$1,$E9+$V9,(IF($J9=AD$1,$K9+$W9,AD8))) -> 79 | AE9: =IF($D9=AE$1,$E9+$V9,(IF($J9=AE$1,$K9+$W9,AE8))) -> 1954 | AF9: =IF($D9=AF$1,$E9+$V9,(IF($J9=AF$1,$K9+$W9,AF8))) -> 1941 | AG9: =IF($D9=AG$1,$E9+$V9,(IF($J9=AG$1,$K9+$W9,AG8))) -> 1004 | AH9: =IF($D9=AH$1,$E9+$V9,(IF($J9=AH$1,$K9+$W9,AH8))) -> 952 | ... BL9: =IF($D9=BL$1,$E9+$V9,(IF($J9=BL$1,$K9+$W9,BL8))) -> 1142
A10: 44325 | B10: League | D10: Meath | E10: =HLOOKUP(D10,AA$1:CB$10002,ROW()-1,FALSE) -> 1231 | F10: 3 | G10: 9 | H10: =F10*3+G10 -> 18 | J10: Offaly | K10: =HLOOKUP(J10,AA$1:CB$10002,ROW()-1,FALSE) -> 1385 | L10: 3 | M10: 25 | N10: =L10*3+M10 -> 34 | P10: Y | R10: =MIN(Rules!$E$2,(MAX(H10/N10,N10/H10))) -> 1.8888889 | S10: =VLOOKUP(B10,Rules!A:B,2,FALSE) -> 40 | U10: =1/(10^(-(E10+(IF(P10="Y",Rules!$I$2,0))-K10)/Rules!$E$12)+1) -> 0.49539496 | V10: =ROUND(IF(H10>N10,(S10*R10*(1-U10)),IF(H10<N10,(S10*R10*(0-U10)),S10*R10*(0.5-U10))),0) -> -37 | W10: =-1*V10 -> 37 | AA10: =IF($D10=AA$1,$E10+$V10,(IF($J10=AA$1,$K10+$W10,AA9))) -> 1594 | AB10: =IF($D10=AB$1,$E10+$V10,(IF($J10=AB$1,$K10+$W10,AB9))) -> 860 | AC10: =IF($D10=AC$1,$E10+$V10,(IF($J10=AC$1,$K10+$W10,AC9))) -> 1418 | AD10: =IF($D10=AD$1,$E10+$V10,(IF($J10=AD$1,$K10+$W10,AD9))) -> 79 | AE10: =IF($D10=AE$1,$E10+$V10,(IF($J10=AE$1,$K10+$W10,AE9))) -> 1954 | AF10: =IF($D10=AF$1,$E10+$V10,(IF($J10=AF$1,$K10+$W10,AF9))) -> 1941 | AG10: =IF($D10=AG$1,$E10+$V10,(IF($J10=AG$1,$K10+$W10,AG9))) -> 1004 | AH10: =IF($D10=AH$1,$E10+$V10,(IF($J10=AH$1,$K10+$W10,AH9))) -> 952 | ... BL10: =IF($D10=BL$1,$E10+$V10,(IF($J10=BL$1,$K10+$W10,BL9))) -> 1142
A11: 44325 | B11: League | D11: Carlow | E11: =HLOOKUP(D11,AA$1:CB$10002,ROW()-1,FALSE) -> 1418 | F11: 3 | G11: 19 | H11: =F11*3+G11 -> 28 | J11: Wicklow | K11: =HLOOKUP(J11,AA$1:CB$10002,ROW()-1,FALSE) -> 1142 | L11: 0 | M11: 17 | N11: =L11*3+M11 -> 17 | P11: Y | R11: =MIN(Rules!$E$2,(MAX(H11/N11,N11/H11))) -> 1.6470588 | S11: =VLOOKUP(B11,Rules!A:B,2,FALSE) -> 40 | U11: =1/(10^(-(E11+(IF(P11="Y",Rules!$I$2,0))-K11)/Rules!$E$12)+1) -> 0.87672789 | V11: =ROUND(IF(H11>N11,(S11*R11*(1-U11)),IF(H11<N11,(S11*R11*(0-U11)),S11*R11*(0.5-U11))),0) -> 8 | W11: =-1*V11 -> -8 | AA11: =IF($D11=AA$1,$E11+$V11,(IF($J11=AA$1,$K11+$W11,AA10))) -> 1594 | AB11: =IF($D11=AB$1,$E11+$V11,(IF($J11=AB$1,$K11+$W11,AB10))) -> 860 | AC11: =IF($D11=AC$1,$E11+$V11,(IF($J11=AC$1,$K11+$W11,AC10))) -> 1426 | AD11: =IF($D11=AD$1,$E11+$V11,(IF($J11=AD$1,$K11+$W11,AD10))) -> 79 | AE11: =IF($D11=AE$1,$E11+$V11,(IF($J11=AE$1,$K11+$W11,AE10))) -> 1954 | AF11: =IF($D11=AF$1,$E11+$V11,(IF($J11=AF$1,$K11+$W11,AF10))) -> 1941 | AG11: =IF($D11=AG$1,$E11+$V11,(IF($J11=AG$1,$K11+$W11,AG10))) -> 1004 | AH11: =IF($D11=AH$1,$E11+$V11,(IF($J11=AH$1,$K11+$W11,AH10))) -> 952 | ... BL11: =IF($D11=BL$1,$E11+$V11,(IF($J11=BL$1,$K11+$W11,BL10))) -> 1134
A12: 44325 | B12: League | D12: Donegal | E12: =HLOOKUP(D12,AA$1:CB$10002,ROW()-1,FALSE) -> 952 | F12: 1 | G12: 13 | H12: =F12*3+G12 -> 16 | J12: Roscommon | K12: =HLOOKUP(J12,AA$1:CB$10002,ROW()-1,FALSE) -> 899 | L12: 1 | M12: 11 | N12: =L12*3+M12 -> 14 | P12: Y | R12: =MIN(Rules!$E$2,(MAX(H12/N12,N12/H12))) -> 1.1428571 | S12: =VLOOKUP(B12,Rules!A:B,2,FALSE) -> 40 | U12: =1/(10^(-(E12+(IF(P12="Y",Rules!$I$2,0))-K12)/Rules!$E$12)+1) -> 0.71805812 | V12: =ROUND(IF(H12>N12,(S12*R12*(1-U12)),IF(H12<N12,(S12*R12*(0-U12)),S12*R12*(0.5-U12))),0) -> 13 | W12: =-1*V12 -> -13 | AA12: =IF($D12=AA$1,$E12+$V12,(IF($J12=AA$1,$K12+$W12,AA11))) -> 1594 | AB12: =IF($D12=AB$1,$E12+$V12,(IF($J12=AB$1,$K12+$W12,AB11))) -> 860 | AC12: =IF($D12=AC$1,$E12+$V12,(IF($J12=AC$1,$K12+$W12,AC11))) -> 1426 | AD12: =IF($D12=AD$1,$E12+$V12,(IF($J12=AD$1,$K12+$W12,AD11))) -> 79 | AE12: =IF($D12=AE$1,$E12+$V12,(IF($J12=AE$1,$K12+$W12,AE11))) -> 1954 | AF12: =IF($D12=AF$1,$E12+$V12,(IF($J12=AF$1,$K12+$W12,AF11))) -> 1941 | AG12: =IF($D12=AG$1,$E12+$V12,(IF($J12=AG$1,$K12+$W12,AG11))) -> 1004 | AH12: =IF($D12=AH$1,$E12+$V12,(IF($J12=AH$1,$K12+$W12,AH11))) -> 965 | ... BL12: =IF($D12=BL$1,$E12+$V12,(IF($J12=BL$1,$K12+$W12,BL11))) -> 1134
A13: 44325 | B13: League | D13: Mayo | E13: =HLOOKUP(D13,AA$1:CB$10002,ROW()-1,FALSE) -> 1021 | F13: 0 | G13: 21 | H13: =F13*3+G13 -> 21 | J13: Derry | K13: =HLOOKUP(J13,AA$1:CB$10002,ROW()-1,FALSE) -> 1004 | L13: 1 | M13: 16 | N13: =L13*3+M13 -> 19 | P13: Y | R13: =MIN(Rules!$E$2,(MAX(H13/N13,N13/H13))) -> 1.1052632 | S13: =VLOOKUP(B13,Rules!A:B,2,FALSE) -> 40 | U13: =1/(10^(-(E13+(IF(P13="Y",Rules!$I$2,0))-K13)/Rules!$E$12)+1) -> 0.68331826 | V13: =ROUND(IF(H13>N13,(S13*R13*(1-U13)),IF(H13<N13,(S13*R13*(0-U13)),S13*R13*(0.5-U13))),0) -> 14 | W13: =-1*V13 -> -14 | AA13: =IF($D13=AA$1,$E13+$V13,(IF($J13=AA$1,$K13+$W13,AA12))) -> 1594 | AB13: =IF($D13=AB$1,$E13+$V13,(IF($J13=AB$1,$K13+$W13,AB12))) -> 860 | AC13: =IF($D13=AC$1,$E13+$V13,(IF($J13=AC$1,$K13+$W13,AC12))) -> 1426 | AD13: =IF($D13=AD$1,$E13+$V13,(IF($J13=AD$1,$K13+$W13,AD12))) -> 79 | AE13: =IF($D13=AE$1,$E13+$V13,(IF($J13=AE$1,$K13+$W13,AE12))) -> 1954 | AF13: =IF($D13=AF$1,$E13+$V13,(IF($J13=AF$1,$K13+$W13,AF12))) -> 1941 | AG13: =IF($D13=AG$1,$E13+$V13,(IF($J13=AG$1,$K13+$W13,AG12))) -> 990 | AH13: =IF($D13=AH$1,$E13+$V13,(IF($J13=AH$1,$K13+$W13,AH12))) -> 965 | ... BL13: =IF($D13=BL$1,$E13+$V13,(IF($J13=BL$1,$K13+$W13,BL12))) -> 1134
A14: 44332 | B14: League | D14: Waterford | E14: =HLOOKUP(D14,AA$1:CB$10002,ROW()-1,FALSE) -> 1991 | F14: 1 | G14: 22 | H14: =F14*3+G14 -> 25 | J14: Westmeath | K14: =HLOOKUP(J14,AA$1:CB$10002,ROW()-1,FALSE) -> 1394 | L14: 1 | M14: 19 | N14: =L14*3+M14 -> 22 | P14: Y | R14: =MIN(Rules!$E$2,(MAX(H14/N14,N14/H14))) -> 1.1363636 | S14: =VLOOKUP(B14,Rules!A:B,2,FALSE) -> 40 | U14: =1/(10^(-(E14+(IF(P14="Y",Rules!$I$2,0))-K14)/Rules!$E$12)+1) -> 0.96893339 | V14: =ROUND(IF(H14>N14,(S14*R14*(1-U14)),IF(H14<N14,(S14*R14*(0-U14)),S14*R14*(0.5-U14))),0) -> 1 | W14: =-1*V14 -> -1 | AA14: =IF($D14=AA$1,$E14+$V14,(IF($J14=AA$1,$K14+$W14,AA13))) -> 1594 | AB14: =IF($D14=AB$1,$E14+$V14,(IF($J14=AB$1,$K14+$W14,AB13))) -> 860 | AC14: =IF($D14=AC$1,$E14+$V14,(IF($J14=AC$1,$K14+$W14,AC13))) -> 1426 | AD14: =IF($D14=AD$1,$E14+$V14,(IF($J14=AD$1,$K14+$W14,AD13))) -> 79 | AE14: =IF($D14=AE$1,$E14+$V14,(IF($J14=AE$1,$K14+$W14,AE13))) -> 1954 | AF14: =IF($D14=AF$1,$E14+$V14,(IF($J14=AF$1,$K14+$W14,AF13))) -> 1941 | AG14: =IF($D14=AG$1,$E14+$V14,(IF($J14=AG$1,$K14+$W14,AG13))) -> 990 | AH14: =IF($D14=AH$1,$E14+$V14,(IF($J14=AH$1,$K14+$W14,AH13))) -> 965 | ... BL14: =IF($D14=BL$1,$E14+$V14,(IF($J14=BL$1,$K14+$W14,BL13))) -> 1134
... A104: 44401 | B104: Qualifier | D104: Waterford | E104: =HLOOKUP(D104,AA$1:CB$10002,ROW()-1,FALSE) -> 2004 | F104: 1 | G104: 30 | H104: =F104*3+G104 -> 33 | J104: Galway | K104: =HLOOKUP(J104,AA$1:CB$10002,ROW()-1,FALSE) -> 2119 | L104: 3 | M104: 20 | N104: =L104*3+M104 -> 29 | P104: N | R104: =MIN(Rules!$E$2,(MAX(H104/N104,N104/H104))) -> 1.137931 | S104: =VLOOKUP(B104,Rules!A:B,2,FALSE) -> 60 | U104: =1/(10^(-(E104+(IF(P104="Y",Rules!$I$2,0))-K104)/Rules!$E$12)+1) -> 0.37061145 | V104: =ROUND(IF(H104>N104,(S104*R104*(1-U104)),IF(H104<N104,(S104*R104*(0-U104)),S104*R104*(0.5-U104))),0) -> 43 | W104: =-1*V104 -> -43 | AA104: =IF($D104=AA$1,$E104+$V104,(IF($J104=AA$1,$K104+$W104,AA103))) -> 1523 | AB104: =IF($D104=AB$1,$E104+$V104,(IF($J104=AB$1,$K104+$W104,AB103))) -> 829 | AC104: =IF($D104=AC$1,$E104+$V104,(IF($J104=AC$1,$K104+$W104,AC103))) -> 1414 | AD104: =IF($D104=AD$1,$E104+$V104,(IF($J104=AD$1,$K104+$W104,AD103))) -> 134 | AE104: =IF($D104=AE$1,$E104+$V104,(IF($J104=AE$1,$K104+$W104,AE103))) -> 2025 | AF104: =IF($D104=AF$1,$E104+$V104,(IF($J104=AF$1,$K104+$W104,AF103))) -> 1906 | AG104: =IF($D104=AG$1,$E104+$V104,(IF($J104=AG$1,$K104+$W104,AG103))) -> 1063 | AH104: =IF($D104=AH$1,$E104+$V104,(IF($J104=AH$1,$K104+$W104,AH103))) -> 949 | ... BL104: =IF($D104=BL$1,$E104+$V104,(IF($J104=BL$1,$K104+$W104,BL103))) -> 1053
A105: 44401 | B105: Qualifier | D105: Clare | E105: =HLOOKUP(D105,AA$1:CB$10002,ROW()-1,FALSE) -> 2025 | F105: 1 | G105: 23 | H105: =F105*3+G105 -> 26 | J105: Cork | K105: =HLOOKUP(J105,AA$1:CB$10002,ROW()-1,FALSE) -> 1906 | L105: 3 | M105: 19 | N105: =L105*3+M105 -> 28 | P105: N | R105: =MIN(Rules!$E$2,(MAX(H105/N105,N105/H105))) -> 1.0769231 | S105: =VLOOKUP(B105,Rules!A:B,2,FALSE) -> 60 | U105: =1/(10^(-(E105+(IF(P116="Y",Rules!$I$2,0))-K105)/Rules!$E$12)+1) -> 0.63367499 | V105: =ROUND(IF(H105>N105,(S105*R105*(1-U105)),IF(H105<N105,(S105*R105*(0-U105)),S105*R105*(0.5-U105))),0) -> -41 | W105: =-1*V105 -> 41 | AA105: =IF($D105=AA$1,$E105+$V105,(IF($J105=AA$1,$K105+$W105,AA104))) -> 1523 | AB105: =IF($D105=AB$1,$E105+$V105,(IF($J105=AB$1,$K105+$W105,AB104))) -> 829 | AC105: =IF($D105=AC$1,$E105+$V105,(IF($J105=AC$1,$K105+$W105,AC104))) -> 1414 | AD105: =IF($D105=AD$1,$E105+$V105,(IF($J105=AD$1,$K105+$W105,AD104))) -> 134 | AE105: =IF($D105=AE$1,$E105+$V105,(IF($J105=AE$1,$K105+$W105,AE104))) -> 1984 | AF105: =IF($D105=AF$1,$E105+$V105,(IF($J105=AF$1,$K105+$W105,AF104))) -> 1947 | AG105: =IF($D105=AG$1,$E105+$V105,(IF($J105=AG$1,$K105+$W105,AG104))) -> 1063 | AH105: =IF($D105=AH$1,$E105+$V105,(IF($J105=AH$1,$K105+$W105,AH104))) -> 949 | ... BL105: =IF($D105=BL$1,$E105+$V105,(IF($J105=BL$1,$K105+$W105,BL104))) -> 1053
A106: 44401 | B106: League | D106: Laois | E106: =HLOOKUP(D106,AA$1:CB$10002,ROW()-1,FALSE) -> 1550 | F106: 1 | G106: 27 | H106: =F106*3+G106 -> 30 | J106: Westmeath | K106: =HLOOKUP(J106,AA$1:CB$10002,ROW()-1,FALSE) -> 1468 | L106: 0 | M106: 27 | N106: =L106*3+M106 -> 27 | P106: Y | R106: =MIN(Rules!$E$2,(MAX(H106/N106,N106/H106))) -> 1.1111111 | S106: =VLOOKUP(B106,Rules!A:B,2,FALSE) -> 40 | U106: =1/(10^(-(E106+(IF(P107="Y",Rules!$I$2,0))-K106)/Rules!$E$12)+1) -> 0.74429242 | V106: =ROUND(IF(H106>N106,(S106*R106*(1-U106)),IF(H106<N106,(S106*R106*(0-U106)),S106*R106*(0.5-U106))),0) -> 11 | W106: =-1*V106 -> -11 | AA106: =IF($D106=AA$1,$E106+$V106,(IF($J106=AA$1,$K106+$W106,AA95))) -> 1523 | AB106: =IF($D106=AB$1,$E106+$V106,(IF($J106=AB$1,$K106+$W106,AB95))) -> 823 | AC106: =IF($D106=AC$1,$E106+$V106,(IF($J106=AC$1,$K106+$W106,AC95))) -> 1414 | AD106: =IF($D106=AD$1,$E106+$V106,(IF($J106=AD$1,$K106+$W106,AD95))) -> 134 | AE106: =IF($D106=AE$1,$E106+$V106,(IF($J106=AE$1,$K106+$W106,AE95))) -> 1997 | AF106: =IF($D106=AF$1,$E106+$V106,(IF($J106=AF$1,$K106+$W106,AF95))) -> 1906 | AG106: =IF($D106=AG$1,$E106+$V106,(IF($J106=AG$1,$K106+$W106,AG95))) -> 1063 | AH106: =IF($D106=AH$1,$E106+$V106,(IF($J106=AH$1,$K106+$W106,AH95))) -> 949 | ... BL106: =IF($D106=BL$1,$E106+$V106,(IF($J106=BL$1,$K106+$W106,BL95))) -> 1053
A107: 44401 | B107: Secondary | D107: Derry | E107: =HLOOKUP(D107,AA$1:CB$10002,ROW()-1,FALSE) -> 1063 | F107: 0 | G107: 28 | H107: =F107*3+G107 -> 28 | J107: Sligo | K107: =HLOOKUP(J107,AA$1:CB$10002,ROW()-1,FALSE) -> 809 | L107: 2 | M107: 17 | N107: =L107*3+M107 -> 23 | P107: Y | R107: =MIN(Rules!$E$2,(MAX(H107/N107,N107/H107))) -> 1.2173913 | S107: =VLOOKUP(B107,Rules!A:B,2,FALSE) -> 50 | U107: =1/(10^(-(E107+(IF(P108="Y",Rules!$I$2,0))-K107)/Rules!$E$12)+1) -> 0.86535391 | V107: =ROUND(IF(H107>N107,(S107*R107*(1-U107)),IF(H107<N107,(S107*R107*(0-U107)),S107*R107*(0.5-U107))),0) -> 8 | W107: =-1*V107 -> -8 | AA107: =IF($D107=AA$1,$E107+$V107,(IF($J107=AA$1,$K107+$W107,AA96))) -> 1523 | AB107: =IF($D107=AB$1,$E107+$V107,(IF($J107=AB$1,$K107+$W107,AB96))) -> 823 | AC107: =IF($D107=AC$1,$E107+$V107,(IF($J107=AC$1,$K107+$W107,AC96))) -> 1414 | AD107: =IF($D107=AD$1,$E107+$V107,(IF($J107=AD$1,$K107+$W107,AD96))) -> 134 | AE107: =IF($D107=AE$1,$E107+$V107,(IF($J107=AE$1,$K107+$W107,AE96))) -> 2025 | AF107: =IF($D107=AF$1,$E107+$V107,(IF($J107=AF$1,$K107+$W107,AF96))) -> 1906 | AG107: =IF($D107=AG$1,$E107+$V107,(IF($J107=AG$1,$K107+$W107,AG96))) -> 1071 | AH107: =IF($D107=AH$1,$E107+$V107,(IF($J107=AH$1,$K107+$W107,AH96))) -> 949 | ... BL107: =IF($D107=BL$1,$E107+$V107,(IF($J107=BL$1,$K107+$W107,BL96))) -> 1053
A108: 44401 | B108: Secondary | D108: Offaly | E108: =HLOOKUP(D108,AA$1:CB$10002,ROW()-1,FALSE) -> 1532 | F108: 6 | G108: 30 | H108: =F108*3+G108 -> 48 | J108: Wicklow | K108: =HLOOKUP(J108,AA$1:CB$10002,ROW()-1,FALSE) -> 1053 | L108: 0 | M108: 10 | N108: =L108*3+M108 -> 10 | P108: Y | R108: =MIN(Rules!$E$2,(MAX(H108/N108,N108/H108))) -> 2 | S108: =VLOOKUP(B108,Rules!A:B,2,FALSE) -> 50 | U108: =1/(10^(-(E108+(IF(P109="Y",Rules!$I$2,0))-K108)/Rules!$E$12)+1) -> 0.90077598 | V108: =ROUND(IF(H108>N108,(S108*R108*(1-U108)),IF(H108<N108,(S108*R108*(0-U108)),S108*R108*(0.5-U108))),0) -> 10 | W108: =-1*V108 -> -10 | AA108: =IF($D108=AA$1,$E108+$V108,(IF($J108=AA$1,$K108+$W108,AA97))) -> 1523 | AB108: =IF($D108=AB$1,$E108+$V108,(IF($J108=AB$1,$K108+$W108,AB97))) -> 823 | AC108: =IF($D108=AC$1,$E108+$V108,(IF($J108=AC$1,$K108+$W108,AC97))) -> 1414 | AD108: =IF($D108=AD$1,$E108+$V108,(IF($J108=AD$1,$K108+$W108,AD97))) -> 134 | AE108: =IF($D108=AE$1,$E108+$V108,(IF($J108=AE$1,$K108+$W108,AE97))) -> 2025 | AF108: =IF($D108=AF$1,$E108+$V108,(IF($J108=AF$1,$K108+$W108,AF97))) -> 1906 | AG108: =IF($D108=AG$1,$E108+$V108,(IF($J108=AG$1,$K108+$W108,AG97))) -> 1063 | AH108: =IF($D108=AH$1,$E108+$V108,(IF($J108=AH$1,$K108+$W108,AH97))) -> 949 | ... BL108: =IF($D108=BL$1,$E108+$V108,(IF($J108=BL$1,$K108+$W108,BL97))) -> 1043
A109: 44401 | B109: Secondary | D109: Mayo | E109: =HLOOKUP(D109,AA$1:CB$10002,ROW()-1,FALSE) -> 1018 | F109: 2 | G109: 23 | H109: =F109*3+G109 -> 29 | J109: Armagh | K109: =HLOOKUP(J109,AA$1:CB$10002,ROW()-1,FALSE) -> 823 | L109: 2 | M109: 9 | N109: =L109*3+M109 -> 15 | P109: N | R109: =MIN(Rules!$E$2,(MAX(H109/N109,N109/H109))) -> 1.9333333 | S109: =VLOOKUP(B109,Rules!A:B,2,FALSE) -> 50 | U109: =1/(10^(-(E109+(IF(P110="Y",Rules!$I$2,0))-K109)/Rules!$E$12)+1) -> 0.83044491 | V109: =ROUND(IF(H109>N109,(S109*R109*(1-U109)),IF(H109<N109,(S109*R109*(0-U109)),S109*R109*(0.5-U109))),0) -> 16 | W109: =-1*V109 -> -16 | AA109: =IF($D109=AA$1,$E109+$V109,(IF($J109=AA$1,$K109+$W109,AA98))) -> 1523 | AB109: =IF($D109=AB$1,$E109+$V109,(IF($J109=AB$1,$K109+$W109,AB98))) -> 807 | AC109: =IF($D109=AC$1,$E109+$V109,(IF($J109=AC$1,$K109+$W109,AC98))) -> 1414 | AD109: =IF($D109=AD$1,$E109+$V109,(IF($J109=AD$1,$K109+$W109,AD98))) -> 134 | AE109: =IF($D109=AE$1,$E109+$V109,(IF($J109=AE$1,$K109+$W109,AE98))) -> 2025 | AF109: =IF($D109=AF$1,$E109+$V109,(IF($J109=AF$1,$K109+$W109,AF98))) -> 1906 | AG109: =IF($D109=AG$1,$E109+$V109,(IF($J109=AG$1,$K109+$W109,AG98))) -> 1063 | AH109: =IF($D109=AH$1,$E109+$V109,(IF($J109=AH$1,$K109+$W109,AH98))) -> 949 | ... BL109: =IF($D109=BL$1,$E109+$V109,(IF($J109=BL$1,$K109+$W109,BL98))) -> 1053
A110: 44401 | B110: Secondary | D110: Tyrone | E110: =HLOOKUP(D110,AA$1:CB$10002,ROW()-1,FALSE) -> 771 | F110: 2 | G110: 23 | H110: =F110*3+G110 -> 29 | J110: Donegal | K110: =HLOOKUP(J110,AA$1:CB$10002,ROW()-1,FALSE) -> 949 | L110: 1 | M110: 21 | N110: =L110*3+M110 -> 24 | P110: Y | R110: =MIN(Rules!$E$2,(MAX(H110/N110,N110/H110))) -> 1.2083333 | S110: =VLOOKUP(B110,Rules!A:B,2,FALSE) -> 50 | U110: =1/(10^(-(E110+(IF(P111="Y",Rules!$I$2,0))-K110)/Rules!$E$12)+1) -> 0.4678084 | V110: =ROUND(IF(H110>N110,(S110*R110*(1-U110)),IF(H110<N110,(S110*R110*(0-U110)),S110*R110*(0.5-U110))),0) -> 32 | W110: =-1*V110 -> -32 | AA110: =IF($D110=AA$1,$E110+$V110,(IF($J110=AA$1,$K110+$W110,AA99))) -> 1523 | AB110: =IF($D110=AB$1,$E110+$V110,(IF($J110=AB$1,$K110+$W110,AB99))) -> 823 | AC110: =IF($D110=AC$1,$E110+$V110,(IF($J110=AC$1,$K110+$W110,AC99))) -> 1414 | AD110: =IF($D110=AD$1,$E110+$V110,(IF($J110=AD$1,$K110+$W110,AD99))) -> 134 | AE110: =IF($D110=AE$1,$E110+$V110,(IF($J110=AE$1,$K110+$W110,AE99))) -> 2025 | AF110: =IF($D110=AF$1,$E110+$V110,(IF($J110=AF$1,$K110+$W110,AF99))) -> 1906 | AG110: =IF($D110=AG$1,$E110+$V110,(IF($J110=AG$1,$K110+$W110,AG99))) -> 1063 | AH110: =IF($D110=AH$1,$E110+$V110,(IF($J110=AH$1,$K110+$W110,AH99))) -> 917 | ... BL110: =IF($D110=BL$1,$E110+$V110,(IF($J110=BL$1,$K110+$W110,BL99))) -> 1053
A111: 44401 | B111: Secondary | D111: Longford | E111: =HLOOKUP(D111,AA$1:CB$10002,ROW()-1,FALSE) -> 482 | F111: 1 | G111: 13 | H111: =F111*3+G111 -> 16 | J111: Fermanagh | K111: =HLOOKUP(J111,AA$1:CB$10002,ROW()-1,FALSE) -> 157 | L111: 1 | M111: 21 | N111: =L111*3+M111 -> 24 | P111: Y | R111: =MIN(Rules!$E$2,(MAX(H111/N111,N111/H111))) -> 1.5 | S111: =VLOOKUP(B111,Rules!A:B,2,FALSE) -> 50 | U111: =1/(10^(-(E111+(IF(P112="Y",Rules!$I$2,0))-K111)/Rules!$E$12)+1) -> 0.89911737 | V111: =ROUND(IF(H111>N111,(S111*R111*(1-U111)),IF(H111<N111,(S111*R111*(0-U111)),S111*R111*(0.5-U111))),0) -> -67 | W111: =-1*V111 -> 67 | AA111: =IF($D111=AA$1,$E111+$V111,(IF($J111=AA$1,$K111+$W111,AA100))) -> 1523 | AB111: =IF($D111=AB$1,$E111+$V111,(IF($J111=AB$1,$K111+$W111,AB100))) -> 829 | AC111: =IF($D111=AC$1,$E111+$V111,(IF($J111=AC$1,$K111+$W111,AC100))) -> 1414 | AD111: =IF($D111=AD$1,$E111+$V111,(IF($J111=AD$1,$K111+$W111,AD100))) -> 134 | AE111: =IF($D111=AE$1,$E111+$V111,(IF($J111=AE$1,$K111+$W111,AE100))) -> 2025 | AF111: =IF($D111=AF$1,$E111+$V111,(IF($J111=AF$1,$K111+$W111,AF100))) -> 1906 | AG111: =IF($D111=AG$1,$E111+$V111,(IF($J111=AG$1,$K111+$W111,AG100))) -> 1063 | AH111: =IF($D111=AH$1,$E111+$V111,(IF($J111=AH$1,$K111+$W111,AH100))) -> 949 | ... BL111: =IF($D111=BL$1,$E111+$V111,(IF($J111=BL$1,$K111+$W111,BL100))) -> 1053
A112: 44401 | B112: Secondary | D112: Cavan | E112: =HLOOKUP(D112,AA$1:CB$10002,ROW()-1,FALSE) -> 134 | F112: 1 | G112: 21 | H112: =F112*3+G112 -> 24 | J112: Louth | K112: =HLOOKUP(J112,AA$1:CB$10002,ROW()-1,FALSE) -> 428 | L112: 0 | M112: 20 | N112: =L112*3+M112 -> 20 | P112: Y | R112: =MIN(Rules!$E$2,(MAX(H112/N112,N112/H112))) -> 1.2 | S112: =VLOOKUP(B112,Rules!A:B,2,FALSE) -> 50 | U112: =1/(10^(-(E112+(IF(P113="Y",Rules!$I$2,0))-K112)/Rules!$E$12)+1) -> 0.20523023 | V112: =ROUND(IF(H112>N112,(S112*R112*(1-U112)),IF(H112<N112,(S112*R112*(0-U112)),S112*R112*(0.5-U112))),0) -> 48 | W112: =-1*V112 -> -48 | AA112: =IF($D112=AA$1,$E112+$V112,(IF($J112=AA$1,$K112+$W112,AA101))) -> 1523 | AB112: =IF($D112=AB$1,$E112+$V112,(IF($J112=AB$1,$K112+$W112,AB101))) -> 829 | AC112: =IF($D112=AC$1,$E112+$V112,(IF($J112=AC$1,$K112+$W112,AC101))) -> 1414 | AD112: =IF($D112=AD$1,$E112+$V112,(IF($J112=AD$1,$K112+$W112,AD101))) -> 182 | AE112: =IF($D112=AE$1,$E112+$V112,(IF($J112=AE$1,$K112+$W112,AE101))) -> 2025 | AF112: =IF($D112=AF$1,$E112+$V112,(IF($J112=AF$1,$K112+$W112,AF101))) -> 1906 | AG112: =IF($D112=AG$1,$E112+$V112,(IF($J112=AG$1,$K112+$W112,AG101))) -> 1063 | AH112: =IF($D112=AH$1,$E112+$V112,(IF($J112=AH$1,$K112+$W112,AH101))) -> 949 | ... BL112: =IF($D112=BL$1,$E112+$V112,(IF($J112=BL$1,$K112+$W112,BL101))) -> 1053
A113: 44408 | B113: Secondary | D113: Mayo | E113: =HLOOKUP(D113,AA$1:CB$10002,ROW()-1,FALSE) -> 1018 | F113: 2 | G113: 27 | H113: =F113*3+G113 -> 33 | J113: Tyrone | K113: =HLOOKUP(J113,AA$1:CB$10002,ROW()-1,FALSE) -> 771 | L113: 1 | M113: 14 | N113: =L113*3+M113 -> 17 | P113: N | R113: =MIN(Rules!$E$2,(MAX(H113/N113,N113/H113))) -> 1.9411765 | S113: =VLOOKUP(B113,Rules!A:B,2,FALSE) -> 50 | U113: =1/(10^(-(E113+(IF(P114="Y",Rules!$I$2,0))-K113)/Rules!$E$12)+1) -> 0.75721612 | V113: =ROUND(IF(H113>N113,(S113*R113*(1-U113)),IF(H113<N113,(S113*R113*(0-U113)),S113*R113*(0.5-U113))),0) -> 24 | W113: =-1*V113 -> -24 | AA113: =IF($D113=AA$1,$E113+$V113,(IF($J113=AA$1,$K113+$W113,AA102))) -> 1523 | AB113: =IF($D113=AB$1,$E113+$V113,(IF($J113=AB$1,$K113+$W113,AB102))) -> 829 | AC113: =IF($D113=AC$1,$E113+$V113,(IF($J113=AC$1,$K113+$W113,AC102))) -> 1414 | AD113: =IF($D113=AD$1,$E113+$V113,(IF($J113=AD$1,$K113+$W113,AD102))) -> 134 | AE113: =IF($D113=AE$1,$E113+$V113,(IF($J113=AE$1,$K113+$W113,AE102))) -> 2025 | AF113: =IF($D113=AF$1,$E113+$V113,(IF($J113=AF$1,$K113+$W113,AF102))) -> 1906 | AG113: =IF($D113=AG$1,$E113+$V113,(IF($J113=AG$1,$K113+$W113,AG102))) -> 1063 | AH113: =IF($D113=AH$1,$E113+$V113,(IF($J113=AH$1,$K113+$W113,AH102))) -> 949 | ... BL113: =IF($D113=BL$1,$E113+$V113,(IF($J113=BL$1,$K113+$W113,BL102))) -> 1053
A114: 44408 | B114: All-Ireland | D114: Tipperary | E114: =HLOOKUP(D114,AA$1:CB$10002,ROW()-1,FALSE) -> 2139 | F114: 2 | G114: 27 | H114: =F114*3+G114 -> 33 | J114: Waterford | K114: =HLOOKUP(J114,AA$1:CB$10002,ROW()-1,FALSE) -> 2004 | L114: 4 | M114: 28 | N114: =L114*3+M114 -> 40 | P114: N | R114: =MIN(Rules!$E$2,(MAX(H114/N114,N114/H114))) -> 1.2121212 | S114: =VLOOKUP(B114,Rules!A:B,2,FALSE) -> 80 | U114: =1/(10^(-(E114+(IF(P115="Y",Rules!$I$2,0))-K114)/Rules!$E$12)+1) -> 0.65060463 | V114: =ROUND(IF(H114>N114,(S114*R114*(1-U114)),IF(H114<N114,(S114*R114*(0-U114)),S114*R114*(0.5-U114))),0) -> -63 | W114: =-1*V114 -> 63 | AA114: =IF($D114=AA$1,$E114+$V114,(IF($J114=AA$1,$K114+$W114,AA103))) -> 1523 | AB114: =IF($D114=AB$1,$E114+$V114,(IF($J114=AB$1,$K114+$W114,AB103))) -> 829 | AC114: =IF($D114=AC$1,$E114+$V114,(IF($J114=AC$1,$K114+$W114,AC103))) -> 1414 | AD114: =IF($D114=AD$1,$E114+$V114,(IF($J114=AD$1,$K114+$W114,AD103))) -> 134 | AE114: =IF($D114=AE$1,$E114+$V114,(IF($J114=AE$1,$K114+$W114,AE103))) -> 2025 | AF114: =IF($D114=AF$1,$E114+$V114,(IF($J114=AF$1,$K114+$W114,AF103))) -> 1906 | AG114: =IF($D114=AG$1,$E114+$V114,(IF($J114=AG$1,$K114+$W114,AG103))) -> 1063 | AH114: =IF($D114=AH$1,$E114+$V114,(IF($J114=AH$1,$K114+$W114,AH103))) -> 949 | ... BL114: =IF($D114=BL$1,$E114+$V114,(IF($J114=BL$1,$K114+$W114,BL103))) -> 1053
A115: 44408 | B115: Secondary | D115: Cavan | E115: =HLOOKUP(D115,AA$1:CB$10002,ROW()-1,FALSE) -> 134 | F115: 1 | G115: 17 | H115: =F115*3+G115 -> 20 | J115: Fermanagh | K115: =HLOOKUP(J115,AA$1:CB$10002,ROW()-1,FALSE) -> 203 | L115: 3 | M115: 26 | N115: =L115*3+M115 -> 35 | P115: N | R115: =MIN(Rules!$E$2,(MAX(H115/N115,N115/H115))) -> 1.75 | S115: =VLOOKUP(B115,Rules!A:B,2,FALSE) -> 50 | U115: =1/(10^(-(E115+(IF(P116="Y",Rules!$I$2,0))-K115)/Rules!$E$12)+1) -> 0.42122254 | V115: =ROUND(IF(H115>N115,(S115*R115*(1-U115)),IF(H115<N115,(S115*R115*(0-U115)),S115*R115*(0.5-U115))),0) -> -37 | W115: =-1*V115 -> 37 | AA115: =IF($D115=AA$1,$E115+$V115,(IF($J115=AA$1,$K115+$W115,AA104))) -> 1523 | AB115: =IF($D115=AB$1,$E115+$V115,(IF($J115=AB$1,$K115+$W115,AB104))) -> 829 | AC115: =IF($D115=AC$1,$E115+$V115,(IF($J115=AC$1,$K115+$W115,AC104))) -> 1414 | AD115: =IF($D115=AD$1,$E115+$V115,(IF($J115=AD$1,$K115+$W115,AD104))) -> 97 | AE115: =IF($D115=AE$1,$E115+$V115,(IF($J115=AE$1,$K115+$W115,AE104))) -> 2025 | AF115: =IF($D115=AF$1,$E115+$V115,(IF($J115=AF$1,$K115+$W115,AF104))) -> 1906 | AG115: =IF($D115=AG$1,$E115+$V115,(IF($J115=AG$1,$K115+$W115,AG104))) -> 1063 | AH115: =IF($D115=AH$1,$E115+$V115,(IF($J115=AH$1,$K115+$W115,AH104))) -> 949 | ... BL115: =IF($D115=BL$1,$E115+$V115,(IF($J115=BL$1,$K115+$W115,BL104))) -> 1053
